"Seq34","CATAAACACAAAGGTTTGGT","AGCCTCAATAATTATCCTCC",80,4127,1,0
"Seq64","CCCTTAAACATTTACTTAAA","AGAAGTCTTAGTAGAGATTT",164,5209,1,0
"Seq72","TAAGGAGAGGGTATCAAGCA","CCCTAGCTATCATAAGCACA",187,4915,1,2
"Seq76","GTATCAAGCACATTAAAATA","CTGGAATTCAGCCTACTAGC",197,4029,1,0
"Seq80","CATTAAAATAGCTTAAGACA","TGAATATTAGCAATTCTTCC",207,4497,1,0
"Seq85","AAATAGCTTAAGACACCTTG","AAGCACAATAACCCTACCCC",212,4928,1,0
"Seq91","TAGCTTAAGACACCTTGCCT","CCAACTTGGTCTACAAGACG",215,7046,1,0
"Seq93","GCTTAAGACACCTTGCCTAG","ATGAGTTCCCCTACCAATAC",217,3024,1,0
"Seq133","CTTCGGCGTAAAACGTGTCA","TCCTGGCCATCGTACTCAAC",367,4144,1,0
"Seq165","AATTCATTGTTAGGACCTAA","ATAACTCTATAACCATCAAC",431,4597,1,0
"Seq170","CTAAACTCAATAACGAAAGT","CCAAACACAAATACGAAAAA",447,4445,1,0
"Seq177","ACGAAAGTAATTCTAGTCAT","CCTGGCCATCGTACTCAACT",459,4145,1,1
"Seq187","ATAATACACGACAGCTAAGA","ATACATTTACACCTACTACC",481,8214,1,0
"Seq203","AGATACCCCACTATGCTTAG","CACCAAAATCACTAACAACC",515,7897,1,0
"Seq209","ACTATGCTTAGCCATAAACC","CAACTAAAAGTCTCATCACA",524,7857,1,0
"Seq239","ACTACTAGCCATAGCTTAAA","AATAGCCCTATCCATAAAAC",580,4229,1,0
"Seq277","GATAAACCCCGCTCTACCTC","AGCAATTCTTCCTTACAACC",655,4505,1,1
"Seq284","AACCCCGCTCTACCTCACCA","AATCAACAACCGTCTCCATT",659,8056,1,0
"Seq288","GCTCTACCTCACCATCTCTT","GGTTTAAATCCTTCCCGTAC",665,3911,1,0
"Seq290","ACCATCTCTTGCTAATTCAG","AGTAGGCCTGGAATTCAGCC",675,4022,1,0
"Seq291","ATCTCTTGCTAATTCAGCCT","ATATTATTCTTACAGCCCCT",678,4555,3,3
"Seq298","CAGCCTATATACCGCCATCT","CTTCTATGAAATAAAACTCC",692,4626,1,0
"Seq316","AAACCCTAAAAAGGTATTAA","AACCAACAATAACTCAAAAA",717,4850,1,2
"Seq354","TACATTTTCTTATAAAAGAA","AAAATTATTTATAAAAGAAC",806,2928,1,0
"Seq388","AGAGAGCTTAATTGAATTGA","CACATAGGATGAATATTAGC",886,4488,2,0
"Seq395","AGCAATGAAGTACGCACACA","AATTTCCATGATCACACACT",905,7095,1,0
"Seq396","AGCAATGAAGTACGCACACA","ATAATGCTAATCCACACACC",905,8114,1,0
"Seq412","AATTAAATTAAACTTAACAT","TGCTAGAAGTTGATAACCGA",944,7435,1,0
"Seq454","TTAATATTAAAGCATCTGGC","TAAACCCAACCTAATATTTT",1055,4892,1,0
"Seq476","AATGAACACTCTGAACTAAT","AGCAATTCTTCCTTACAACC",1099,4505,1,0
"Seq479","AACACTCTGAACTAATCCTA","ATAAGCACAATAACCCTACC",1103,4926,5,0
"Seq559","AGCAAAGATTAAACCTTGTA","CAAACATTCCCACTGGCACC",1272,7875,1,0
"Seq563","ATTAAACCTTGTACCTTTTG","AAACCATAGGGCACCAATGA",1279,7324,1,0
"Seq569","ACCTTTTGCATAATGAACTA","ATTTATTCCACTTCACTAAC",1291,4821,2,0
"Seq594","AAAAGAATTACAGCTAGAAA","ACTATTATCAACATGAAACC",1329,5845,1,0
"Seq605","CCCCGAAACCAAACGAGCTA","ACTACTAACAGACCGCAACC",1349,5970,1,0
"Seq606","CCCCGAAACCAAACGAGCTA","TATAATCCCAACAAACGACC",1349,7394,1,0
"Seq613","AACGAGCTACCTAAAAACAA","ACCGCAACCTAAACACAACT",1360,5981,1,0
"Seq656","ATTTTAAACTTGCTAAAAAA","TCACAGAACTTATAAAAAAC",1493,4732,1,0
"Seq713","TGTAGGCCTAAAAGCAGCCA","ATTATAGCAACACTCATAGC",1621,4761,1,0
"Seq830","ACCTATAACTTCTCTGTTAA","ATTCAATTACACTATTAACC",1862,8738,1,0
"Seq834","AACTTCTCTGTTAACCCAAC","ACAGTCTACCCACCTCTAGC",1868,5725,1,1
"Seq858","AAAAAGATAAAAGGAACTCG","CTCAAAAATAATAACTCACC",1913,4862,1,0
"Seq864","AGGAACTCGGCAAACAAGAA","AAAATTATTTATAAAAGAAC",1924,2928,1,0
"Seq865","AGGAACTCGGCAAACAAGAA","TAACTCACCAAACAAAAACT",1924,4873,2,0
"Seq875","CCCCGCCTGTTTACCAAAAA","TAGGCCTTTTACCACATACA",1944,8199,1,1
"Seq880","CCAAAAACATCACCTCTAGC","GTAACTGCCCATGCTTTTGT",1957,5518,1,0
"Seq899","GACTAAAGTTTAACGGCCGC","TAGGATATACTAGTCCGCGA",2009,4976,1,0
"Seq928","AACGGCTAAACGAGGGTCCA","CCTACCCCTAGCCCCCCAAC",2088,4940,1,0
"Seq979","TTTAATTTATTAAACCTAAT","ACAACTTTCTTTGATCCCGC",2214,5995,1,0
"Seq987","ATGGCCCAAAAACTATAGTA","CCTTTTAAGTTAAAGTTAGA",2232,7742,1,1
"Seq1019","AACCTAGACTTACAAGTCAA","CTTTCTCAATAAGATATTAG",2311,6951,1,0
"Seq1029","CAACATATCTTATTGACCCA","CTAATAATCGGAGCCCCAGA",2339,5599,1,1
"Seq1113","GAGCCACCTTACAAATAAGC","TAGGGACACTTATATTTCGC",2605,9945,1,2
"Seq1117","AATAAGCGCTCTCAACTTAA","GGCATAGTATTATCCTTATT",2618,9998,2,0
"Seq1131","AATAAAATATATACGTACAC","TAATATTTTATTATCCCTAA",2655,9504,1,0
"Seq1159","CTTAAAACCTTGTTCCCAGA","GGTAAAAAGAGGATTTAAAC",2728,5280,1,0
"Seq1163","CCCAGAGGTTCAAATCCTCT","TTTATTTCCTATTTTATACC",2742,10625,1,0
"Seq1167","GTTCAAATCCTCTCCCTAAT","CTAAATCAAGCAACAGTAAC",2749,7566,1,0
"Seq1171","CTAATAGTGTTCTTTATTAA","TACGCATTCTATATATAATA",2764,7273,1,1
"Seq1179","TGTTCTTTATTAATATCCTA","CCGTACTAATAAATCCTATC",2771,3925,1,0
"Seq1185","TAATATCCTAACACTCCTCG","TCAGCCTACTAGCAATTATC",2781,4036,1,0
"Seq1186","TAATATCCTAACACTCCTCG","ATTCTTCCTTACAACCCATC",2781,4509,1,0
"Seq1192","CTAACACTCCTCGTCCCCAT","ACTAGCAATTATCCCCATAC",2788,4043,1,0
"Seq1195","CACTCCTCGTCCCCATTCTA","TAAACCTATTCTTTTATACT",2792,4795,1,0
"Seq1203","CCTCGTCCCCATTCTAATCG","CTACCTTCTTCAACCTCACC",2796,9903,2,0
"Seq1234","AAAATCTTAGGGTACATACA","TTACGTCCAAAATCTCAACC",2845,10159,2,0
"Seq1239","TACATACAACTACGAAAAGG","ACTAATCAACAAAAAAAACC",2857,4061,1,0
"Seq1255","CTAACATTGTTGGTCCATAC","ATCACAAACATTCCCACTGG",2879,7871,3,0
"Seq1262","GTCCATACGGCATTTTACAA","CCCTCACTAATGCTACTACC",2891,10204,1,0
"Seq1269","GTCCATACGGCATTTTACAA","CACCAAAATCACTAACAACC",2891,7897,1,0
"Seq1270","CCATACGGCATTTTACAACC","ATAATTATAACTAGCTCAAT",2893,10990,1,0
"Seq1274","TTTTACAACCATTTGCAGAC","ATAACATTAATAGCCCTATC",2903,4221,1,1
"Seq1280","CATTTGCAGACGCCATAAAA","ATCGGAGGAGCTACTCTAGT",2912,8465,1,0
"Seq1288","TAAAATTATTTATAAAAGAA","CTCAAAAATAATAACTCACC",2927,4862,1,0
"Seq1297","TTATAAAAGAACCAATACGC","ATCAACAAATCTCCTAGGCC",2936,8185,1,1
"Seq1307","ACCAATACGCCCTTTAACAA","ATCCCTCACTCTACTCAACC",2946,4526,1,0
"Seq1308","ACCAATACGCCCTTTAACAA","AAAACGCCTAATCAACAACC",2946,8047,5,0
"Seq1309","ACCAATACGCCCTTTAACAA","GCCATCTACCTTCTTCAACC",2946,9898,1,0
"Seq1315","CCCTTTAACAACCTCTATAT","TATTCTACCAGCTGTAATCC",2955,7229,9,0
"Seq1319","TTTAACAACCTCTATATCCT","CACCAACAGCTACCATTACA",2958,8502,1,0
"Seq1325","CCTCTATATCCTTATTTATT","GCTGTAATCCTTATCATAAT",2966,7239,1,1
"Seq1331","TATCCTTATTTATTATTGCA","TTACCACATACATTTACACC",2972,8207,1,0
"Seq1336","CTTATTTATTATTGCACCTA","CTATCATAAGCACAATAACC",2976,4921,1,0
"Seq1337","TTATTTATTATTGCACCTAC","TATATTCTCCTCAGACCCCC",2977,10347,1,1
"Seq1340","TTATTTATTATTGCACCTAC","TATATTATTCTTACAGCCCC",2977,4554,1,1
"Seq1341","TTATTTATTATTGCACCTAC","TATTATTGAAACAATTAGCC",2977,8371,1,1
"Seq1352","GCACCTACCCTATCACTCAC","TATAACTTCAGTAACTTCCC",2989,10021,1,1
"Seq1355","GCACCTACCCTATCACTCAC","TTACAACCCATCCCTCACTC",2989,4517,1,1
"Seq1356","GCACCTACCCTATCACTCAC","AAGCACAATAACCCTACCCC",2989,4928,1,1
"Seq1359","ATCACTCACACTAGCATTAA","AGCACTTATACTAAATAACT",3000,4583,2,0
"Seq1361","TCACTCACACTAGCATTAAG","CATCAACTCAATCTCACTTC",3001,4610,1,0
"Seq1362","TCACTCACACTAGCATTAAG","ATTTGCAGTAGCATTAATTC",3001,8554,1,0
"Seq1369","CTAGCATTAAGTCTATGAGT","AAATATATTCTCCTCAGACC",3010,10344,1,0
"Seq1370","TAGCATTAAGTCTATGAGTT","AAATATATTCTCCTCAGACC",3011,10344,1,0
"Seq1376","TATGAGTTCCCCTACCAATA","ATTAATAGCTAGCCAAAACC",3023,10413,1,0
"Seq1382","GTTCCCCTACCAATACCACA","TCAGACCCCCTATCCACACC",3028,10357,1,0
"Seq1386","TTCCCCTACCAATACCACAC","TCAGACCCCCTATCCACACC",3029,10357,1,1
"Seq1398","TACCAATACCACACCCATTA","TTACCATTATACTAGGACTT",3035,9119,1,0
"Seq1403","CACCCATTAATTAATTTAAA","CCAAACTGAACGCCTAAACG",3046,10599,1,0
"Seq1434","AACATCTAGCCTATCAGTTT","ACATGGCCTCACATCATCAC",3090,11139,2,0
"Seq1473","AGTTCTATTAATAAATGGAT","CGTCCAAAATCTCAACCTAC",3225,10162,1,0
"Seq1479","TCTATTAATAAATGGATCCT","TTATCATAATTGCTCTCCCC",3228,7249,1,0
"Seq1481","TATTAATAAATGGATCCTAC","TAGCACTTATACTAAATAAC",3230,4582,1,2
"Seq1482","TTAATAAATGGATCCTACTC","AAAAAAAGATAATAACGTAC",3232,10437,1,1
"Seq1487","TAAATGGATCCTACTCTCTA","CTAATTTATTCCACTTCACT",3236,4818,1,0
"Seq1493","TCCTACTCTCTACAAACACT","ATTCCACTTCACTAACAATA",3244,4825,1,0
"Seq1502","TCTACAAACACTTATTACAA","AGCAATTCTTCCTTACAACC",3252,4505,9,0
"Seq1505","CTACAAACACTTATTACAAC","TAACAATATTTCCAACCAAC",3253,4837,2,4
"Seq1512","TTACAACCCAAGAACACATA","TCGTTGTAGCCATCATTATA",3266,8001,1,3
"Seq1518","CAAGAACACATATGATTACT","TCACATCATCACTCCTATTC",3274,11147,1,0
"Seq1522","AACACATATGATTACTTCTG","ACTTCACTAACAATATTTCC",3278,4830,1,0
"Seq1523","CATATGATTACTTCTGCCAG","CATTAATTATTTTAACAGCC",3282,10376,2,0
"Seq1531","TTCTGCCAGCCTGACCCATA","ATCAACATGAAACCCCCAGC",3293,5851,1,0
"Seq1532","TTCTGCCAGCCTGACCCATA","ACACCTACTACCCAACTATC",3293,8222,1,0
"Seq1533","TCTGCCAGCCTGACCCATAG","ACGCGGCAAACTAACCAACC",3294,11430,1,0
"Seq1535","TGCCAGCCTGACCCATAGCC","CCGCGAGCCTTCAAAGCCCT",3296,4990,1,0
"Seq1538","CCTGACCCATAGCCATAATA","ACCAGCCTAACACTTCTATG",3302,10294,1,0
"Seq1541","CATAGCCATAATATGATTTA","AACAGATTACGTCCAAAATC",3309,10153,1,0
"Seq1545","TAGCCATAATATGATTTATC","AAACCCAACCTAATATTTTC",3311,4893,1,2
"Seq1547","CCATAATATGATTTATCTCA","ATAAGCACAATAACCCTACC",3314,4926,1,0
"Seq1550","CATAATATGATTTATCTCAA","CCAACCTAATATTTTCCACC",3315,4897,9,0
"Seq1551","ATAATATGATTTATCTCAAC","GATAGCAAGTCTAGCTAATC",3316,11265,1,1
"Seq1561","TCAACCCTAGCAGAAACAAA","TAAAAAAACCTGAACAAACG",3331,10245,1,0
"Seq1568","CCTAGCAGAAACAAACCGGG","CTAGCTAATCTAGCTCTACC",3336,11275,2,0
"Seq1569","AGCAGAAACAAACCGGGCCC","AGAACTAACACTAATAGCCC",3339,11481,1,4
"Seq1583","CCCCCTTCGACCTGACAGAA","CCAACTAATTACCTAGAAGT",3356,4955,2,0
"Seq1587","AGAAGGAGAATCAGAATTAG","GAGAATTATTCATTACCATA",3372,11315,1,0
"Seq1601","CGCAGCCGGCCCATTCGCGT","CTAATCAACAACCGTCTCCA",3414,8054,1,0
"Seq1602","AGCCGGCCCATTCGCGTTAT","ATCAAACTTTACCATTATTC",3417,11349,1,0
"Seq1604","AGCCGGCCCATTCGCGTTAT","CCTCATAATCTATATTATTC",3417,4544,1,0
"Seq1612","TTCGCGTTATTCTTTATAGC","TTCGCCATCATATTCGTAGG",3427,6586,1,0
"Seq1616","TTTATAGCAGAGTACACTAA","ATGGTATCTATGGTTCTACA",3439,9194,1,1
"Seq1639","TTCTAATAAACGCCCTAACA","TATTCCACTTCACTAACAAT",3464,4824,1,0
"Seq1640","TTCTAATAAACGCCCTAACA","CCCAACAAACGACCTAAAAC",3464,7400,1,0
"Seq1641","TTCTAATAAACGCCCTAACA","CCATAGTGATATGCCACAAC",3464,7775,1,0
"Seq1642","TTCTAATAAACGCCCTAACA","ACATCAACATGATTTATCAC",3464,7800,1,0
"Seq1646","AAACGCCCTAACAACTATTA","ATTTTATTACCACTATTATC",3471,5834,1,0
"Seq1657","ACAACTATTATCTTCCTAGG","AAATATATTCTCCTCAGACC",3481,10344,1,0
"Seq1673","CTATATCAATTTACCAGAAC","TTTCAGGAATACCACGACGC",3510,6644,1,1
"Seq1682","ATTTACCAGAACTCTACTCA","CATCCCTCACTCTACTCAAC",3518,4525,8,0
"Seq1683","ATTTACCAGAACTCTACTCA","TGCCATCTACCTTCTTCAAC",3518,9897,1,0
"Seq1686","AGAACTCTACTCAACTAACT","CACCTACTACCCAACTATCC",3525,8223,1,0
"Seq1687","GAACTCTACTCAACTAACTT","CCTCACTCTACTCAACCTCA",3526,4529,4,0
"Seq1688","AACTCTACTCAACTAACTTC","CACACACGAGAACTAACACT",3527,11473,1,0
"Seq1695","CAACTAACTTCATAATAGAA","TAGGGACACTTATATTTCGC",3536,9945,1,0
"Seq1696","ACTAACTTCATAATAGAAGC","TTACGTCCAAAATCTCAACC",3538,10159,1,1
"Seq1703","AACTTCATAATAGAAGCTCT","ATAATTACCAATATGCCATC",3541,9884,1,0
"Seq1715","AGCTCTACTACTATCATCAA","ATGTAATTATTGGATCAACA",3555,9245,5,1
"Seq1719","CTACTACTATCATCAACATT","TATAATCTCACTGATATTAC",3559,4658,1,0
"Seq1726","CAACATTCCTATGGATCCGA","CCATACCAATCCCCATCACC",3572,10062,1,0
"Seq1727","AACATTCCTATGGATCCGAG","AACACTAATAGCCCTTCACA",3573,11487,1,0
"Seq1772","CTATGAAAAAACTTTCTACC","CCTAGGAGGCCTTCCACCAC",3634,4682,3,1
"Seq1784","ATATTTCTTTACCAATTTTT","ACACCATTAATTATTTTAAC",3680,10372,1,0
"Seq1822","CTCTTATTTCTAGGACAATA","GGCTGCTGACCTCCAACAGG",3782,8965,1,0
"Seq1839","TGCTACCTAAACACCTTATC","TGGAAGGCATAGTATTATCC",3839,9993,1,1
"Seq1846","TATCCTAATAGTAAGGTCAG","CCTAATTTCAATATCAAACC",3855,11817,1,0
"Seq1859","ATTAAGCTATCGGGCCCATA","CCATAAGCTCCATACCAATC",3878,10053,1,0
"Seq1870","CGAAAACGTTGGTTTAAATC","TTTATTATAACTTCAGTAAC",3901,10016,1,1
"Seq1871","CGAAAACGTTGGTTTAAATC","TACAATGCTAAAAATTATTC",3901,10182,1,2
"Seq1872","CGAAAACGTTGGTTTAAATC","TATAGCATACCCCTTCATCC",3901,10953,1,1
"Seq1873","CGAAAACGTTGGTTTAAATC","ACCTAATTAAACACATCAAC",3901,11834,1,1
"Seq1891","CCTTCCCGTACTAATAAATC","TAACCGGAATTGTTTTATCC",3920,6404,1,1
"Seq1901","TAATAAATCCTATCACCCTT","TGTTCATAATTACCAATATG",3931,9879,1,0
"Seq1904","ATAAATCCTATCACCCTTGC","AGTTTTTGACTCCTACCACC",3933,5647,1,1
"Seq1911","CCTATCACCCTTGCCATCAT","CAATCGTTGTAGCCATCATT",3939,7998,2,1
"Seq1914","TCACCCTTGCCATCATCTAC","CATTATACTAGGACTTTACT",3943,9123,1,0
"Seq1917","ACCCTTGCCATCATCTACTT","CCGTCTCCATTCTTTCCAAC",3945,8065,1,0
"Seq1931","TCACAATCTTCTTAGGTCCT","GGTGCAAATCCAAATAAAAG",3964,11739,1,0
"Seq1942","ATCTTCTTAGGTCCTGTAAT","AATCTCCTAGGCCTTTTACC",3969,8192,1,0
"Seq1959","TCACAATATCCAGCACCAAC","ACTTATATTTCGCTCTCACC",3988,9952,2,1
"Seq1967","CCTAATACTAATATGAGTAG","GATACATACTATGTAGTAGC",4007,6451,2,0
"Seq1969","GAGTAGGCCTGGAATTCAGC","TTACCACATACATTTACACC",4021,8207,1,1
"Seq1975","CTGGAATTCAGCCTACTAGC","CATCAACATGATTTATCACA",4029,7801,1,0
"Seq1977","GAATTCAGCCTACTAGCAAT","TTAATCTTCATTCTTCTACT",4032,11788,6,1
"Seq1992","TACTAGCAATTATCCCCATA","TCTTCTACTATCCCCAATCC",4042,11799,1,0
"Seq2000","GCAATTATCCCCATACTAAT","CCATAAGCTCCATACCAATC",4047,10053,1,0
"Seq2001","GCAATTATCCCCATACTAAT","CTACCACTAACCTGACTATC",4047,10219,1,0
"Seq2002","GCAATTATCCCCATACTAAT","GCCTCTTACCCCTATTAATA",4047,11900,1,0
"Seq2016","TACTAATCAACAAAAAAAAC","TATCAAGCCCTAAAAAAACC",4060,10235,5,1
"Seq2017","TACTAATCAACAAAAAAAAC","CCTAATTTCAATATCAAACC",4060,11817,1,1
"Seq2030","ATCAACAAAAAAAACCCACG","ATCAAACCTAATTAAACACA",4065,11829,3,0
"Seq2033","ATCAACAAAAAAAACCCACG","ATATGCCACAACTAGATACA",4065,7783,1,0
"Seq2055","CCCACGATCAACTGAAGCAG","ACATTCCCACTGGCACCTTC",4079,7878,1,0
"Seq2058","CGATCAACTGAAGCAGCAAC","TCAATACTAATCAGCTTACA",4083,10474,2,0
"Seq2064","CTGAAGCAGCAACAAAATAC","GACGAACAGACGCAAATACT",4090,12239,4,0
"Seq2072","AGCAACAAAATACTTCGTCA","ATACATCAACATGATTTATC",4097,7798,1,0
"Seq2079","CAACAAAATACTTCGTCACA","CATCCCAGGCCGACTAAATC",4099,7553,1,0
"Seq2081","CAAAATACTTCGTCACACAA","CTAAACTCCAACTCCATAAG",4102,10040,1,0
"Seq2091","AAATACTTCGTCACACAAGC","CATCAACTTCCCACTGTACA",4104,11847,1,0
"Seq2093","TACTTCGTCACACAAGCAAC","TTGGTCTACAAGACGCCACA",4107,7051,1,0
"Seq2094","TTCGTCACACAAGCAACAGC","ATTCTCCTTCATTATTAGCC",4110,11883,2,1
"Seq2107","CAACAGCCTCAATAATTATC","ACTTTTCAAATATATTCTCC",4123,10337,3,1
"Seq2108","CAACAGCCTCAATAATTATC","AATCAGCTTACAAATTCTCC",4123,10482,1,1
"Seq2109","CAACAGCCTCAATAATTATC","TATTCCACTGCTAATTGCCC",4123,10656,1,1
"Seq2110","CAACAGCCTCAATAATTATC","CCACATCAATCAAATTCTCC",4123,11870,6,1
"Seq2120","CAGCCTCAATAATTATCCTC","TGGCCTCACATCATCACTCC",4126,11142,1,1
"Seq2121","CAGCCTCAATAATTATCCTC","TAGAATATATAATTACAACC",4126,11936,2,1
"Seq2128","CTCAATAATTATCCTCCTGG","GGATTCCCAATCGTTGTAGC",4130,7991,1,0
"Seq2129","TCAATAATTATCCTCCTGGC","CCATACCAATCCCCATCACC",4131,10062,2,1
"Seq2140","TTATCCTCCTGGCCATCGTA","CTTCATTATTAGCCTCTTAC",4138,11889,2,0
"Seq2145","CTCCTGGCCATCGTACTCAA","GCTACTACCACTAACCTGAC",4143,10215,1,0
"Seq2146","CTCCTGGCCATCGTACTCAA","CATTATTAGCCTCTTACCCC",4143,11892,2,0
"Seq2153","CTCCTGGCCATCGTACTCAA","CCTATTTATCTTATTTCAAC",4143,7841,1,0
"Seq2164","TCGTACTCAACTATAAACAA","CAAAACGCCTAATCAACAAC",4153,8046,3,0
"Seq2170","ACTCAACTATAAACAACTAG","TTCTCACTATCACTTCTAGG",4157,9929,1,1
"Seq2177","AAACAACTAGGAACATGAAT","AATATTTTTCCACAATAATA",4167,11916,1,0
"Seq2179","AAACAACTAGGAACATGAAT","CACTTCTAGGGACACTTATA",4167,9939,2,0
"Seq2186","AACTAGGAACATGAATATTT","CAACCGTCTCCATTCTTTCC",4171,8062,2,0
"Seq2192","GGAACATGAATATTTCAACA","GTAATTACAGGCTTCCGACA",4176,8282,1,3
"Seq2196","AACATGAATATTTCAACAAC","ATTAATATTTTTCCACAATA",4178,11913,1,0
"Seq2209","AACAAACAAACGGTCTTATC","ACTAGTTAAACTTATTATCA",4195,8089,1,0
"Seq2210","AACAAACAAACGGTCTTATC","CAAACAAATAATGCTAATCC",4195,8107,1,1
"Seq2211","AACAAACAAACGGTCTTATC","TGGAAGGCATAGTATTATCC",4195,9993,1,1
"Seq2214","CAAACGGTCTTATCCTTAAC","CCCTCACACACACGAGAACT",4201,11467,1,0
"Seq2220","CTTATCCTTAACATAACATT","CACTGTACACCACCACATCA",4209,11858,1,0
"Seq2223","TTAACATAACATTAATAGCC","AGAACTAACACTAATAGCCC",4216,11481,4,2
"Seq2224","TTAACATAACATTAATAGCC","TTCTCCTTCATTATTAGCCT",4216,11884,1,0
"Seq2229","TTAACATAACATTAATAGCC","ATTTACACCTACTACCCAAC",4216,8218,1,1
"Seq2234","CATAACATTAATAGCCCTAT","TCAAACAAATAATGCTAATC",4220,8106,1,0
"Seq2238","ATAACATTAATAGCCCTATC","CACCAAAATCACTAACAACC",4221,7897,1,1
"Seq2246","AGCCCTATCCATAAAACTAG","GTCACAATTCTATCTCTAGG",4232,9760,1,1
"Seq2251","CCCTATCCATAAAACTAGGC","TCTATATATCTTATATGGCC",4234,7018,1,1
"Seq2262","TAGGCCTCGCCCCATTCCAC","GCCCTTCACATAATTCCACT",4249,11497,1,0
"Seq2264","TAGGCCTCGCCCCATTCCAC","CTAAGTATAGCCATTCCACT",4249,8249,1,0
"Seq2268","CCCATTCCACTTCTGATTAC","CTCCAACCCTCACACACACG",4259,11461,1,0
"Seq2277","ATTACCAGAAGTAACTCAAG","GCAAACTCCAACTACGAACG",4274,11173,1,1
"Seq2280","TTACCAGAAGTAACTCAAGG","TCCCTAATCATATTTATTGG",4275,8165,1,2
"Seq2281","CCAGAAGTAACTCAAGGGAT","TCAAACAAATAATGCTAATC",4278,8106,1,0
"Seq2282","CAGAAGTAACTCAAGGGATC","AATTAAACACATCAACTTCC",4279,11838,2,1
"Seq2288","CTCAAGGGATCCCACTGCAC","AACACTAATAGCCCTTCACA",4288,11487,1,0
"Seq2289","CTCAAGGGATCCCACTGCAC","AACTAATTACAGGCCTGACA",4288,11540,1,0
"Seq2290","CTCAAGGGATCCCACTGCAC","CATCAACTTCCCACTGTACA",4288,11847,1,0
"Seq2293","GATCCCACTGCACATAGGAC","GCCCTTCACATAATTCCACT",4295,11497,2,0
"Seq2312","CATGACAAAAAATTGCTCCC","TTCATTCTTCTACTATCCCC",4327,11794,3,3
"Seq2315","ACAAAAAATTGCTCCCCTAT","TAGCTCTACCCCCTTCAATC",4331,11285,1,0
"Seq2319","CTCCCCTATCAATTTTAATT","CCAATCCTAATTTCAATATC",4342,11812,3,0
"Seq2331","TTTTAATTCAAATTTACCCG","AAAAAAAGATAATAACGTAC",4354,10437,1,0
"Seq2338","CAAATTTACCCGCTACTCAA","TAATAACGTACTACAAAAAC",4362,10446,1,0
"Seq2345","TTACCCGCTACTCAACTCTA","TATATTCTCCTCAGACCCCC",4367,10347,1,0
"Seq2365","TTTAATACTAGCAATTACTT","CATTATTAGCCTCTTACCCC",4394,11892,1,0
"Seq2376","ACTTCTATTTTCATAGGGGC","TATCTTTCCTACTAATTGGA",4410,12209,1,0
"Seq2383","TTTCATAGGGGCATGAGGAG","ACTATAATCATGGCCCGAGG",4418,11206,2,1
"Seq2392","CATGAGGAGGACTTAACCAA","TAACCTCCAACCCTCACACA",4429,11457,2,1
"Seq2395","AGGAGGACTTAACCAAACAC","TCAATACTAATCAGCTTACA",4433,10474,1,0
"Seq2407","AATACGAAAAATTATAGCCT","ACGAAAATCTATTTGCCTCA",4454,7950,1,0
"Seq2422","CCCACATAGGATGAATATTA","AAATACTGCAGCCCTACAAG",4486,12252,1,0
"Seq2423","CCACATAGGATGAATATTAG","ATAGCACTTGTTATTGCATC",4487,11065,1,0
"Seq2444","ATTCTTCCTTACAACCCATC","CATCTCCATTATTCTAGACC",4509,10920,1,1
"Seq2445","ATTCTTCCTTACAACCCATC","CATATAATTAACCTCCAACC",4509,11449,1,1
"Seq2448","TTCTTCCTTACAACCCATCC","TGCTAAAAATTATTCTTCCC",4510,10187,2,2
"Seq2460","ACAACCCATCCCTCACTCTA","TAATCAATATTTTCACAACC",4519,11759,1,0
"Seq2464","CATCCCTCACTCTACTCAAC","TTACGTCCAAAATCTCAACC",4525,10159,2,1
"Seq2465","CATCCCTCACTCTACTCAAC","CCATGTAGGAACCCTAAACC",4525,10692,1,1
"Seq2466","CATCCCTCACTCTACTCAAC","AACCAACCATATAATTAACC",4525,11442,1,1
"Seq2474","ACTCTACTCAACCTCATAAT","TCTACCCCCTTCAATCAATC",4533,11289,1,0
"Seq2475","ACTCTACTCAACCTCATAAT","AAATCCAAATAAAAGTAATC",4533,11744,1,0
"Seq2476","ACTCTACTCAACCTCATAAT","CAACCTCAATCTTATTAATC",4533,11774,1,0
"Seq2479","TACTCAACCTCATAATCTAT","ACCTACTACAATGCTAAAAA",4537,10176,2,0
"Seq2486","CATAATCTATATTATTCTTA","ATGCTAAAAATTATTCTTCC",4547,10186,1,0
"Seq2489","CTATATTATTCTTACAGCCC","TTCATTCTTCTACTATCCCC",4553,11794,3,3
"Seq2509","ATAGCACTTATACTAAATAA","TAACTTCCCTAAACTCCAAC",4581,10032,1,0
"Seq2510","ATAGCACTTATACTAAATAA","ATTCCACTTATTCTTCTAAC",4581,11509,1,0
"Seq2518","ATACTAAATAACTCTATAAC","CACCAAAATCACTAACAACC",4590,7897,1,1
"Seq2527","TCTATAACCATCAACTCAAT","TCTACCCCCTTCAATCAATC",4602,11289,1,0
"Seq2534","AACCATCAACTCAATCTCAC","AGTTTAACCAGCCTAACACT",4607,10288,3,0
"Seq2546","CTCACTTCTATGAAATAAAA","TAACTTCCCTAAACTCCAAC",4622,10032,1,0
"Seq2569","CCAGCAATACTAACTATAAT","TCCACAGCCGTACTATAATC",4644,11195,2,0
"Seq2573","AGCAATACTAACTATAATCT","ATAGCCCTTCACATAATTCC",4646,11494,1,0
"Seq2576","TAACTATAATCTCACTGATA","CCCCTATCCACACCATTAAT",4654,10363,1,0
"Seq2579","CTATAATCTCACTGATATTA","TATATTCTCCTCAGACCCCC",4657,10347,1,0
"Seq2587","TCTCACTGATATTACTATCC","CTTCATTCTTCTACTATCCC",4663,11793,1,2
"Seq2589","TCTCACTGATATTACTATCC","CCTCGTACCAACACATGATC",4663,8940,3,1
"Seq2600","TATTACTATCCCTAGGAGGC","TACTCAGACTACCCAGATGC",4672,6664,1,2
"Seq2603","ATCCCTAGGAGGCCTTCCAC","CCCTCACTAATGCTACTACC",4679,10204,2,1
"Seq2620","ACCACTAACAGGATTCTTAC","CCCAACGCGGCAAACTAACC",4697,11426,1,1
"Seq2636","GAATTATCATCACAGAACTT","ACCAAAATCACTAACAACCA",4723,7898,1,0
"Seq2638","AATTATCATCACAGAACTTA","TCACTAACAACCATAAAAGT",4724,7905,1,0
"Seq2639","ATTATCATCACAGAACTTAT","ATATGTGAATATAGTTTACA",4725,11560,1,0
"Seq2649","AACTTATAAAAAACAACTGT","AATCGGTTCTATTCCACTGC",4738,10647,1,0
"Seq2650","AACTTATAAAAAACAACTGT","AAATAAGCTTCAAAACTGAC",4738,11990,1,0
"Seq2662","AAACAACTGTCTAATTATAG","CAACCGTCTCCATTCTTTCC",4748,8062,1,0
"Seq2667","AACTGTCTAATTATAGCAAC","CACTATCACTTCTAGGGACA",4752,9933,1,0
"Seq2668","ACTGTCTAATTATAGCAACA","ATATAATTAACCTCCAACCC",4753,11450,1,0
"Seq2673","AATTATAGCAACACTCATAG","CACCCATGACTACCATCAGC",4760,12448,1,0
"Seq2680","AACACTCATAGCAATAATAG","CGAGAACTAACACTAATAGC",4769,11479,1,0
"Seq2695","CAATAATAGCTCTACTAAAC","CATTATATTTCCTTCAATCC",4780,8014,1,1
"Seq2696","TAATAGCTCTACTAAACCTA","TACCAATATGCCATCTACCT",4783,9889,1,0
"Seq2700","TCTACTAAACCTATTCTTTT","ACATTATTATTACAGGTATA",4790,11381,1,0
"Seq2705","ACTAAACCTATTCTTTTATA","CCTTAGTCCTCTATATCATC",4793,7138,1,0
"Seq2713","ATTCTTTTATACTCGCCTAA","TATTTTAGGTGCAATTAATT",4802,5817,1,0
"Seq2718","TATACTCGCCTAATTTATTC","ATTCGCATCTCCATTATTCT",4809,10915,1,0
"Seq2726","ACTCGCCTAATTTATTCCAC","ATAGCCTTCTCACTATCACT",4812,9923,1,0
"Seq2728","TCGCCTAATTTATTCCACTT","TTTCAACTAAAAGTCTCATC",4814,7854,1,0
"Seq2729","TCGCCTAATTTATTCCACTT","ACCATAGCCTTCTCACTATC",4814,9920,1,0
"Seq2734","AATTTATTCCACTTCACTAA","TTATTCTTATAGGAATTAAC",4820,11363,2,0
"Seq2740","TATTCCACTTCACTAACAAT","CACTTCTAGGGACACTTATA",4824,9939,1,0
"Seq2741","ATTCCACTTCACTAACAATA","CTAGCCCTACTAGTAAAAGT",4825,10118,1,0
"Seq2750","TCACTAACAATATTTCCAAC","CGTCTCCATTCTTTCCAACA",4833,8066,1,0
"Seq2752","CTAACAATATTTCCAACCAA","CCACTGTACACCACCACATC",4836,11857,1,0
"Seq2759","ATATTTCCAACCAACAATAA","TAACTTCCCTAAACTCCAAC",4842,10032,1,0
"Seq2760","ATATTTCCAACCAACAATAA","TTATTATTACAGGTATATAC",4842,11384,2,0
"Seq2775","ATAACTCAAAAATAATAACT","CAATATACATAATTATTACC",4858,11405,3,0
"Seq2777","ACTCAAAAATAATAACTCAC","CCCAACGCGGCAAACTAACC",4861,11426,1,1
"Seq2782","ACTCAAAAATAATAACTCAC","ACAAATAATGCTAATCCACA",4861,8110,1,0
"Seq2788","AATAACTCACCAAACAAAAA","TATAACTTCAGTAACTTCCC",4871,10021,1,0
"Seq2789","AATAACTCACCAAACAAAAA","CTATCAAGCCCTAAAAAAAC",4871,10234,1,0
"Seq2790","AATAACTCACCAAACAAAAA","TAATAACGTACTACAAAAAC",4871,10446,6,0
"Seq2791","AATAACTCACCAAACAAAAA","TACCACCCAACGCGGCAAAC",4871,11421,4,0
"Seq2805","TCACCAAACAAAAACTAAAC","CAACCATAAAAGTAAAAACC",4877,7912,2,1
"Seq2808","AAACAAAAACTAAACCCAAC","ACGCGGCAAACTAACCAACC",4882,11430,9,1
"Seq2816","AACAAAAACTAAACCCAACC","AAATCCAAATAAAAGTAATC",4883,11744,1,1
"Seq2821","AAAACTAAACCCAACCTAAT","CCAAATAAAAGTAATCAATA",4887,11748,1,0
"Seq2824","AAACCCAACCTAATATTTTC","ACTCCAACTCCATAAGCTCC",4893,10044,2,1
"Seq2828","CCCAACCTAATATTTTCCAC","CCTATTAATATTTTTCCACA",4896,11910,1,0
"Seq2829","CCCAACCTAATATTTTCCAC","AGCACAATTTGGCCTCCACC",4896,12432,1,1
"Seq2837","CCCAACCTAATATTTTCCAC","CAAACATTCCCACTGGCACC",4896,7875,1,1
"Seq2851","CACCCTAGCTATCATAAGCA","TTGAAGCAATTAATACCTGC",4913,12947,1,0
"Seq2860","CATAAGCACAATAACCCTAC","TATACATAATTATTACCACC",4925,11408,1,1
"Seq2864","TAAGCACAATAACCCTACCC","TAAGCTCCATACCAATCCCC",4927,10056,1,3
"Seq2887","TATACTAGTCCGCGAGCCTT","CTACCACTAACCTGACTATC",4981,10219,1,0
"Seq2896","CCTTCAAAGCCCTAAGAAAA","CTATCAAGCCCTAAAAAAAC",4997,10234,2,0
"Seq2897","CCTTCAAAGCCCTAAGAAAA","AATATCAAACCTAATTAAAC",4997,11826,2,0
"Seq2928","TGCTTTAATTAAGCTAAGAC","GATCTAGGAGGCTGCTGACC",5083,8956,1,1
"Seq2932","TAAGCTAAGACCTCAACTAG","CAGACCCAAACATCAATCGA",5092,12089,1,0
"Seq2961","GGCTTCAATCTACTTCTACC","ACTAGCTCAATCTGCTTACG",5167,10999,2,0
"Seq3034","CAGCCATTTTACCTATGTTC","AAATCTATTTGCCTCATTCA",5333,7954,1,0
"Seq3051","AATCACAAAGATATCGGAAC","AGGAATTTCACCACTTAACC",5377,8982,1,1
"Seq3061","CTCTATCTACTATTCGGAGC","ATGCCTAGTAATCGGAAGCC",5398,12873,1,1
"Seq3104","CAATGTTATCGTAACTGCCC","CACAACTAGATACATCAACA",5508,7789,1,0
"Seq3113","CCCATGCTTTTGTTATAATT","TACCAATATGCCATCTACCT",5525,9889,1,1
"Seq3131","AATAATAATTGGAGGCTTTG","CAAGACATCCGAAAAATAGG",5562,12820,1,1
"Seq3139","GAAACTGACTTGTCCCACTA","TAAACTTATTATCAAACAAA",5582,8095,1,1
"Seq3146","ACTAATAATCGGAGCCCCAG","CTAGACCCACTAACAAAATA",5598,10933,1,0
"Seq3150","AATCGGAGCCCCAGATATAG","ATAATATTCCACCAACCAGC",5604,13169,1,0
"Seq3151","TCGGAGCCCCAGATATAGCA","CCTAATTAAACACATCAACT",5606,11835,1,0
"Seq3179","TCCTACCACCATCATTTCTC","CCACATCAATCAAATTCTCC",5657,11870,4,1
"Seq3187","TCATTTCTCCTTCTCCTAGC","TAATCGCACATGGCCTCACA",5668,11132,1,0
"Seq3188","TCATTTCTCCTTCTCCTAGC","CTTCCAACATAACTCCAACA",5668,13681,1,0
"Seq3194","GCATCATCAATAGTAGAAGC","GACCCAAACATCAATCGATT",5686,12091,1,0
"Seq3195","GCATCATCAATAGTAGAAGC","AATTACACTAATCGCCACTT",5686,12990,1,0
"Seq3208","AGGATGAACAGTCTACCCAC","CCCTCACTAATGCTACTACC",5718,10204,1,1
"Seq3209","AGGATGAACAGTCTACCCAC","AACCAACCATATAATTAACC",5718,11442,1,1
"Seq3210","AGGATGAACAGTCTACCCAC","TAACGAAAATGACCCAGACC",5718,13089,1,1
"Seq3213","AGGATGAACAGTCTACCCAC","ATAATACATAATGACCCACC",5718,8616,1,1
"Seq3221","ACCCACCTCTAGCCGGAAAT","TACCCAACTATCCATAAATC",5732,8230,2,0
"Seq3224","TAGCCGGAAATCTAGCCCAT","CCTACACATCTGTACCCACG",5741,12738,1,0
"Seq3230","AATCTAGCCCATGCAGGAGC","CTTCCAACATAACTCCAACA",5749,13681,1,0
"Seq3231","AATCTAGCCCATGCAGGAGC","TAAATCAAGCAACAGTAACA",5749,7567,1,0
"Seq3236","CCATGCAGGAGCATCAGTAG","CAACCCTCACACACACGAGA",5757,11464,1,0
"Seq3237","ATGCAGGAGCATCAGTAGAC","CTCCATTATTCTAGACCCAC",5759,10923,1,2
"Seq3243","AGGAGCATCAGTAGACCTAA","TTCCTTCCACAAGGAACTCC",5763,8327,1,0
"Seq3246","TAGACCTAACAATTTTCTCC","CACATCAATCAAATTCTCCT",5774,11871,1,0
"Seq3251","AATTTTCTCCCTTCATTTAG","AATTCTCCTTCATTATTAGC",5784,11882,1,0
"Seq3256","TCATTTAGCTGGAGTGTCAT","AAAACATTAGACTGTGAATC",5796,11581,1,0
"Seq3272","TGCAATTAATTTTATTACCA","GCAAACAAAGATCACCCAGC",5826,13608,1,0
"Seq3282","CACTATTATCAACATGAAAC","AACCAACCATATAATTAACC",5844,11442,1,1
"Seq3283","CACTATTATCAACATGAAAC","AACTATATATTGCCGCTACC",5844,13651,1,1
"Seq3284","CACTATTATCAACATGAAAC","TAAAAACGATCCACCAAACC",5844,13937,5,1
"Seq3287","TATTATCAACATGAAACCCC","GTTTTCTAATTAGTTTAACC",5847,10277,3,2
"Seq3290","TATCAACATGAAACCCCCAG","ACTATACTTTGCCTCGGAGC",5850,12586,1,0
"Seq3291","TATCAACATGAAACCCCCAG","ATTATTCACCGCATTACACC",5850,13354,1,0
"Seq3297","AGCCATAACACAGTATCAAA","TCCTAATTTCAATATCAAAC",5868,11816,1,0
"Seq3298","AGCCATAACACAGTATCAAA","ATCCCTCCTTCCAACATAAC",5868,13674,2,0
"Seq3301","CCATAACACAGTATCAAACT","ATAAGCTCCATACCAATCCC",5870,10055,1,0
"Seq3302","CCATAACACAGTATCAAACT","ATCAATAAATAAAGCAAATC",5870,13293,1,0
"Seq3304","CATAACACAGTATCAAACTC","TCACACACACGAGAACTAAC",5871,11470,1,1
"Seq3305","CATAACACAGTATCAAACTC","ACTTCCCACTGTACACCACC",5871,11852,1,1
"Seq3306","CATAACACAGTATCAAACTC","CTCTTCACACAAACATAACC",5871,13463,1,1
"Seq3316","CACTATTTGTCTGATCCGTA","ACTATTCCTGATTACCATGC",5891,12126,1,0
"Seq3320","GTCTGATCCGTACTTATTAC","CAACTACGAACGGATCCACA",5899,11181,1,0
"Seq3321","GTCTGATCCGTACTTATTAC","GAATTAACATTATTATTACA",5899,11375,1,0
"Seq3325","TTATTACAGCCGTACTGCTC","CATTATTAGCCTCTTACCCC",5912,11892,6,1
"Seq3337","ATTATCACTACCAGTGCTAG","TCGATAATAATAAAAATACC",5934,13587,1,0
"Seq3344","AGTGCTAGCCGCAGGCATTA","ATTAATCTTCATTCTTCTAC",5946,11787,1,0
"Seq3345","TGCTAGCCGCAGGCATTACT","ATAAAAACTTTTCAAATATA",5948,10331,1,0
"Seq3347","TAGCCGCAGGCATTACTATA","ATCCCTCCTTCCAACATAAC",5951,13674,1,0
"Seq3354","TTACTATACTACTAACAGAC","AACCAACCATATAATTAACC",5963,11442,1,1
"Seq3356","TACTACTAACAGACCGCAAC","CCTAATTTCAATATCAAACC",5969,11817,1,1
"Seq3357","TACTACTAACAGACCGCAAC","CGCACTAGAACTAAACAACC",5969,13260,1,1
"Seq3358","TACTACTAACAGACCGCAAC","ACCCATAAAATCTCTCAACC",5969,13371,1,1
"Seq3359","TACTACTAACAGACCGCAAC","ATTAAAAAAACTATTAAACC",5969,13917,1,1
"Seq3365","CTAACAGACCGCAACCTAAA","AATATCAAACCTAATTAAAC",5974,11826,1,0
"Seq3367","ACCGCAACCTAAACACAACT","CTATGAGCTGGAGCCGTAAT",5981,8267,1,1
"Seq3371","AAACACAACTTTCTTTGATC","CAACACTTATTATTATTACC",5991,10568,1,1
"Seq3372","AACACAACTTTCTTTGATCC","TTTCCCATCTATTATTCACC",5992,13344,1,2
"Seq3382","ATCCCGCTGGAGGAGGGGAC","TATTACCCGATGAGGGAACC",6008,10581,2,1
"Seq3391","GGGACCCAATTCTCTACCAG","CCATACCAATCCCCATCACC",6023,10062,2,0
"Seq3397","CTCTACCAGCATCTGTTCTG","CTCAATCTTATTAATCTTCA",6034,11778,1,0
"Seq3398","CTCTACCAGCATCTGTTCTG","ACACCACCACATCAATCAAA",6034,11864,2,0
"Seq3452","CAATAATGTCTATTGGCTTT","CATTCTAGCCTCGTACCAAC",6173,8932,1,0
"Seq3464","GCTTTATTGTATGAGCCCAC","TTAATAAATATTAGCCCACC",6197,8486,1,1
"Seq3468","TTGTATGAGCCCACCACATA","ACAATAATAGGATTCCCAAT",6203,7982,1,0
"Seq3478","ACAGTAGGATTAGATGTAGA","AATATCAAACCTAATTAAAC",6226,11826,1,0
"Seq3487","CTTACTTTACATCAGCCACT","AACACTAATAGCCCTTCACA",6254,11487,2,0
"Seq3508","CAAAGTATTTAGCTGACTTG","TCACTCCTATTCTGCCTAGC",6300,11155,1,0
"Seq3528","TAATATTAAATGATCTCCAG","GGAATACCATTCCTAACAGG",6336,12904,1,1
"Seq3548","TCTTATTTACAGTTGGTGGT","ATTTACAGCTATTTGTGCTC",6383,12618,1,0
"Seq3563","CCCTTGACATCGTGCTTCAC","CACACCTTAGACGCTTCATG",6431,10735,1,0
"Seq3581","CTATCATAGCAGGATTTGTT","TTTCAACTAAAAGTCTCATC",6509,7854,1,0
"Seq3583","TATCATAGCAGGATTTGTTC","TTTTACCACATACATTTACA",6510,8205,1,0
"Seq3590","TGTTCACTGATTCCCATTAT","CTACTATCCCCAATCCTAAT",6525,11803,1,2
"Seq3595","CTGATTCCCATTATTTTCAG","GCTGGAGCCGTAATTACAGG",6531,8273,1,1
"Seq3596","GATTCCCATTATTTTCAGGC","AAAATACCATTATATGGAGT",6533,10801,1,0
"Seq3599","CCATTATTTTCAGGCTTCAC","AGCACAATTTGGCCTCCACC",6538,12432,1,1
"Seq3603","ATTTTCAGGCTTCACCCTAG","CTAATCTCCATTAACGAAAA",6543,13078,1,0
"Seq3605","TTTCAGGCTTCACCCTAGAT","AACTACAGAAACACCTAATG",6545,14147,2,0
"Seq3610","GGCTTCACCCTAGATGACAC","TCTAGCCTCGTACCAACACA",6550,8935,1,0
"Seq3612","CACCCTAGATGACACATGAG","AGCCCTAAAAAAACCTGAAC",6555,10240,1,0
"Seq3617","ACACATGAGCAAAAGCCCAC","AAACACATCAACTTCCCACT",6566,11842,6,0
"Seq3620","ACACATGAGCAAAAGCCCAC","AAAAAGCTCACTTGCCCACT",6566,8308,3,0
"Seq3623","TGAGCAAAAGCCCACTTCGC","AAGATCACCCAGCTACTACC",6571,13615,2,1
"Seq3631","AAGCCCACTTCGCCATCATA","CTAATAGCCCTTCACATAAT",6578,11491,1,0
"Seq3641","ATCATATTCGTAGGAGTAAA","AACCTACTACAATGCTAAAA",6592,10175,1,3
"Seq3645","TTCGTAGGAGTAAACATAAC","TTTACTTCGTAACAATAACA",6598,13040,1,0
"Seq3646","TTCGTAGGAGTAAACATAAC","ATAAAGCAAATCCATATTCA",6598,13301,2,0
"Seq3652","AGTAAACATAACATTCTTCC","TGCTAAAAATTATTCTTCCC",6606,10187,6,2
"Seq3654","AGTAAACATAACATTCTTCC","GCCATCTACCTTCTTCAACC",6606,9898,1,2
"Seq3656","CATAACATTCTTCCCTCAAC","TCATATTTATTGGATCAACA",6612,8172,1,0
"Seq3661","CTTCCCTCAACATTTCCTGG","GGATCAACAAATCTCCTAGG",6621,8183,1,2
"Seq3662","TCCCTCAACATTTCCTGGGC","AAAATCTCTCAACCTAAGCC",6623,13377,1,1
"Seq3666","ACATTTCCTGGGCCTTTCAG","GGAAGCCTCGCCCTCACAGG",6630,12886,1,1
"Seq3670","GCCTTTCAGGAATACCACGA","CGATAATAATAAAAATACCC",6641,13588,1,0
"Seq3672","CCTTTCAGGAATACCACGAC","TTATTCTTCCCTCACTAATG",6642,10196,3,0
"Seq3674","TCAGGAATACCACGACGCTA","ACTTTTCAAATATATTCTCC",6646,10337,1,0
"Seq3676","AATACCACGACGCTACTCAG","CACACACACGAGAACTAACA",6651,11471,3,0
"Seq3677","ATACCACGACGCTACTCAGA","CTCACTAATGCTACTACCAC",6652,10206,2,0
"Seq3678","ATACCACGACGCTACTCAGA","ACCTAATTAAACACATCAAC",6652,11834,1,0
"Seq3685","CACGACGCTACTCAGACTAC","ATACATTTACACCTACTACC",6656,8214,1,1
"Seq3688","GCTACTCAGACTACCCAGAT","TTATTCTTCCCTCACTAATG",6662,10196,1,0
"Seq3689","CTACTCAGACTACCCAGATG","TAAACTCCAACTCCATAAGC",6663,10041,1,0
"Seq3690","TACTCAGACTACCCAGATGC","ACAAAGATCACCCAGCTACT",6664,13612,1,0
"Seq3694","GACTACCCAGATGCTTACAC","TCAACTTCCCACTGTACACC",6670,11849,1,1
"Seq3697","CCCAGATGCTTACACCACAT","CTCCAACCCTCACACACACG",6675,11461,1,0
"Seq3699","GATGCTTACACCACATGAAA","TCACACACACGAGAACTAAC",6679,11470,1,0
"Seq3700","GATGCTTACACCACATGAAA","CCGCATTACACCCATAAAAT",6679,13362,2,0
"Seq3704","TACACCACATGAAACACTGT","ATTCTCCTTCATTATTAGCC",6685,11883,1,0
"Seq3711","CACATGAAACACTGTCTCTT","GCCGCTACCCCAATCCCTCC",6690,13662,2,0
"Seq3715","AACACTGTCTCTTCTATAGG","ATTCCCAATCGTTGTAGCCA",6697,7993,1,0
"Seq3716","TGTCTCTTCTATAGGATCAT","AATAATTACCCTATTTATCT",6702,7832,2,1
"Seq3719","TTCTATAGGATCATTTATTT","CTGGCACCTTCACCAAAATC",6708,7887,1,0
"Seq3720","CTATAGGATCATTTATTTCA","CATAATTCCACTTATTCTTC",6710,11505,2,0
"Seq3723","ATCATTTATTTCACTAACAG","CCATTAATTATTTTAACAGC",6717,10375,1,0
"Seq3730","ACAGCTGTTCTCATCATGAT","CGCGTTTTCCCCCCCTAATC",6733,13064,1,0
"Seq3733","GTTCTCATCATGATCTTTAT","GTCACATGATCAATTATACA",6739,12046,1,0
"Seq3738","CTTTATAATTTGAGAGGCCT","CTCTCACCCAAAACGACATC",6753,12635,1,0
"Seq3741","ATAATTTGAGAGGCCTTTGC","ATAATCATGGCCCGAGGACT",6757,11209,1,0
"Seq3744","GAGAGGCCTTTGCTTCAAAA","CCTATTCCCATCCTCAAAAC",6764,8032,1,0
"Seq3745","AGAGGCCTTTGCTTCAAAAC","ATAGCCTGGCAGACGAACAA",6765,12803,1,0
"Seq3748","TTGCTTCAAAACGAGAAGTA","ACATCAATCGATTCATTAAA",6773,12098,2,1
"Seq3757","TATCAGTATCGTATGCTTCA","CATCATAATAATTAAGCACA",6794,13759,2,2
"Seq3761","CTTCAACAAATTTAGAATGA","ACCTAATTAAACACATCAAC",6809,11834,1,0
"Seq3762","CAACAAATTTAGAATGACTT","CTACCACTAACCTGACTATC",6812,10219,2,0
"Seq3765","AATTTAGAATGACTTCATGG","CACTCATTCATTGACCTACC",6817,14209,1,0
"Seq3770","ATGACTTCATGGCTGCCCTC","TCAACTTCCCACTGTACACC",6825,11849,2,1
"Seq3772","ACTTCATGGCTGCCCTCCAC","GCAATAGAAGGCCCTACACC",6828,12466,1,1
"Seq3776","ACTTCATGGCTGCCCTCCAC","TTCCCACTGGCACCTTCACC",6828,7881,1,1
"Seq3777","TCATGGCTGCCCTCCACCAT","TCCCACTGTACACCACCACA",6831,11855,1,0
"Seq3779","CTGCCCTCCACCATATCACA","GTTTTCCCCCCCTAATCTCC",6837,13067,1,0
"Seq3781","TGCCCTCCACCATATCACAC","TAACCTCCAACCCTCACACA",6838,11457,1,0
"Seq3785","CACCATATCACACATTCGAG","CAACCCTCACACACACGAGA",6845,11464,1,0
"Seq3793","AGGAACCAACCTATGTAAAA","TTTAACAACCAACCAAAAAG",6863,13485,1,0
"Seq3800","GAAAGGAAGGAATCGAACCC","TAAAAACGATCCACCAAACC",6892,13937,1,2
"Seq3801","AAAGGAAGGAATCGAACCCC","TAAACAACCAACAAACCCAC",6893,13967,1,1
"Seq3851","TATATATCTTATATGGCCTA","AACTATATATTGCCGCTACC",7020,13651,1,0
"Seq3859","CCTACCCATTCCAACTTGGT","CTTATTAATCTTCATTCTTC",7036,11784,1,0
"Seq3866","CTTGGTCTACAAGACGCCAC","ATATCCAAACACAACCAACA",7050,13883,3,0
"Seq3884","AGAAGAGCTAATAAATTTCC","ACACACCAAAAGGACGAACA",7082,8127,1,0
"Seq3887","CTAATAAATTTCCATGATCA","TCTCCTCAGACCCCCTATCC",7089,10352,1,0
"Seq3889","TAAATTTCCATGATCACACA","AAAAGGACGAACATGAACCC",7093,8134,4,0
"Seq3898","ATAATTGTTTTCCTAATTAG","AATTCTCCTTCATTATTAGC",7116,11882,1,0
"Seq3899","ATAATTGTTTTCCTAATTAG","ATTGCCGCTACCCCAATCCC",7116,13659,2,0
"Seq3900","ATTGTTTTCCTAATTAGCTC","TCTTCATTCTTCTACTATCC",7119,11792,1,1
"Seq3903","TCCTAATTAGCTCCTTAGTC","CATTATTAGCCTCTTACCCC",7126,11892,2,1
"Seq3904","TCCTAATTAGCTCCTTAGTC","ATTAAACCTAAAAACGATCC",7126,13929,1,1
"Seq3906","TCCTAATTAGCTCCTTAGTC","ATCAACAAATCTCCTAGGCC",7126,8185,1,1
"Seq3909","TTAGCTCCTTAGTCCTCTAT","CTTCCAACATAACTCCAACA",7132,13681,1,0
"Seq3910","GCTCCTTAGTCCTCTATATC","AACATCATCAACCTCATACA",7135,13697,1,0
"Seq3911","TCCTTAGTCCTCTATATCAT","TCTTTGCAGGATTTGTCATC",7137,13145,1,0
"Seq3912","TCCTTAGTCCTCTATATCAT","AAATTGTACTTTATATCATT",7137,13513,1,1
"Seq3917","TCCTCTATATCATCTCGCTA","CCACTAAACACCCCACCCCA",7144,14944,1,1
"Seq3921","TCTATATCATCTCGCTAATA","AAACTAACCAACCATATAAT",7147,11437,1,0
"Seq3925","TATCATCTCGCTAATATTAA","ACACCATTAATTATTTTAAC",7151,10372,1,0
"Seq3929","CGCTAATATTAACAACAAAA","ACCTAATTAAACACATCAAC",7159,11834,1,0
"Seq3930","CGCTAATATTAACAACAAAA","ATCCCTCCTTCCAACATAAC",7159,13674,1,0
"Seq3931","CGCTAATATTAACAACAAAA","CCTAAATAAATTAAAAAAAC",7159,13908,1,0
"Seq3939","ACAACAAAACTAACACATAC","CATTTCACCCCTACTATACA",7170,14819,1,0
"Seq3945","TAACACATACAAGCACAATA","AACTATTAAACCTAAAAACG",7180,13925,2,0
"Seq3954","GATGCACAAGAAGTTGAAAC","ATCCACCAAACCCTAAAACC",7200,13945,3,1
"Seq3956","ATGCACAAGAAGTTGAAACC","CTTTTCATCAGTAACACACA",7201,14349,1,0
"Seq3958","AGAAGTTGAAACCATTTGAA","TGGCCTCACATCATCACTCC",7208,11142,1,0
"Seq3961","AAGTTGAAACCATTTGAACT","TACACATCTGTACCCACGCA",7210,12740,1,0
"Seq3966","AACCATTTGAACTATTCTAC","AAGATCACCCAGCTACTACC",7217,13615,1,1
"Seq3967","AACCATTTGAACTATTCTAC","AATTATTCATTATTTCTACA",7217,14080,1,0
"Seq3973","CTATTCTACCAGCTGTAATC","CCTGTTTACATCTGTAGCCC",7228,12021,1,1
"Seq3977","CTACCAGCTGTAATCCTTAT","GCTTACAAATTCTCCTAATC",7233,10487,1,0
"Seq3981","CAGCTGTAATCCTTATCATA","TCAAGTAGCACAACTATATA",7237,13640,1,3
"Seq3984","TCCTTATCATAATTGCTCTC","AACTATATATTGCCGCTACC",7246,13651,1,1
"Seq3985","TCCTTATCATAATTGCTCTC","AATCCACTAAACACCCCACC",7246,14941,1,1
"Seq4001","GCATTCTATATATAATAGAC","ACAGCTATGTACAGCATACG",7276,13015,1,0
"Seq4002","TTCTATATATAATAGACGAA","CTTCCAACATAACTCCAACA",7279,13681,2,1
"Seq4008","TATATAATAGACGAAATCAA","CCCAACGCGGCAAACTAACC",7284,11426,1,0
"Seq4018","GACGAAATCAACAACCCCGT","ACTAAACACCCCACCCCATA",7293,14946,1,0
"Seq4022","ATCAACAACCCCGTATTAAC","ATTAAAAAAACTATTAAACC",7299,13917,1,1
"Seq4024","CAACAACCCCGTATTAACCG","AGACCCCCTATCCACACCAT",7301,10359,1,0
"Seq4025","CAACAACCCCGTATTAACCG","CCACCAAACCCTAAAACCAT",7301,13947,2,0
"Seq4044","GGGCACCAATGATACTGAAG","CAGTAGCATTAATTCAAGCC",7332,8559,1,0
"Seq4054","AATATACTGACTATGAAGAC","TAACGAAAATGACCCAGACC",7357,13089,1,1
"Seq4061","TATGCTTTGATTCATATATA","ACTATTAAACCTAAAAACGA",7378,13926,2,1
"Seq4063","GCTTTGATTCATATATAATC","CCCAGACATACTAGGAGACC",7381,14901,1,1
"Seq4074","CCCAACAAACGACCTAAAAC","TATCAAGCCCTAAAAAAACC",7400,10235,1,1
"Seq4075","CCCAACAAACGACCTAAAAC","ATCCACCAAACCCTAAAACC",7400,13945,2,1
"Seq4082","TAAAACCTGGTGAACTACGA","TCTGCCTAGCAAACTCCAAC",7414,11165,1,0
"Seq4112","ATAGAACTTCCAATCCGTAT","CAGACCCCCTATCCACACCA",7467,10358,1,0
"Seq4116","AATCCGTATATTAATTTCAT","CATTCCTAATTAACATCATC",7478,13529,1,0
"Seq4119","TAATTTCATCTGAAGACGTC","GTCATCTCATATAATATTCC",7489,13159,1,1
"Seq4124","TGAAGACGTCCTCCACTCAT","CTCCAACCCTCACACACACG",7499,11461,1,0
"Seq4132","AGCAGTCCCCTCCCTAGGAC","CTAAACACCCCACCCCATAT",7520,14947,1,0
"Seq4136","CTAGGACTTAAAACTGATGC","CAATATACATAATTATTACC",7533,11405,1,1
"Seq4137","CTAGGACTTAAAACTGATGC","TTTCCTACTGGTCCGATTCC",7533,12531,1,1
"Seq4145","CTGATGCCATCCCAGGCCGA","CTACATACCAGCTAATCCAC",7546,14928,1,0
"Seq4147","TGCCATCCCAGGCCGACTAA","AGGAATTATCGAAGACAAAA",7550,15270,1,2
"Seq4150","CCATCCCAGGCCGACTAAAT","CTACCACTAACCTGACTATC",7552,10219,3,0
"Seq4153","CCCAGGCCGACTAAATCAAG","CCTAAAACCATTAAACAACC",7556,13956,1,0
"Seq4159","CTAAATCAAGCAACAGTAAC","CTCAACTCTTCACACAAACA",7566,13458,2,0
"Seq4160","CTAAATCAAGCAACAGTAAC","AACATCATCAACCTCATACA",7566,13697,4,0
"Seq4161","CTAAATCAAGCAACAGTAAC","AACCAACAAACCCACTAACA",7566,13972,1,0
"Seq4164","AAGCAACAGTAACATCAAAC","CTCATAAACCCAATCAAACG",7573,13108,2,0
"Seq4167","CAACAGTAACATCAAACCGA","ACGAAGCCTAATATTCCGCC",7576,15099,1,0
"Seq4168","CAACAGTAACATCAAACCGA","CGTGAAACCAACAACCCGCC",7576,15719,1,0
"Seq4169","AACAGTAACATCAAACCGAC","AACCACTTTAACAACCAACC",7577,13479,1,1
"Seq4182","ACCAGGGTTATTCTATGGCC","CAAAATCTCAACCTACTACA",7595,10166,1,0
"Seq4188","GCCAATGCTCTGAAATTTGT","TCCGGGCCCATTAAACTTGG",7612,15760,1,0
"Seq4213","CCTAGAAATGGTTCCACTAA","TACTCACCAATATCCTCACA",7661,8765,1,1
"Seq4215","AAATGGTTCCACTAAAATAT","AAACCACAGCCCTAATTATT",7666,13220,1,1
"Seq4226","AAACTGATCTGCTTCAATAA","TCCAACTTCATCATAATAAT",7691,13751,1,0
"Seq4238","CTATGAAGCTAAGAGCGTTA","ACAATTAAACCTAAACCTCC",7721,13989,1,0
"Seq4252","CTTAAAATCTCCATAGTGAT","CCAAATAAAAGTAATCAATA",7765,11748,1,0
"Seq4257","TCCATAGTGATATGCCACAA","ATCCCAAAATCCACCTCAAC",7774,13444,1,0
"Seq4258","TCCATAGTGATATGCCACAA","ATCCCTCCTTCCAACATAAC",7774,13674,1,0
"Seq4261","GATATGCCACAACTAGATAC","AACATCATCAACCTCATACA",7782,13697,2,0
"Seq4275","TGATTTATCACAATTATCTC","CCATATCATTATTTTCTTGA",7809,11330,1,0
"Seq4280","ATTATCTCATCAATAATTAC","AACCATCAAGATTAATTACT",7821,13732,1,0
"Seq4281","ATTATCTCATCAATAATTAC","TGATGATGTTCATAATTACC",7821,9873,2,1
"Seq4286","TCAATAATTACCCTATTTAT","CTGGAAGGCATAGTATTATC",7830,9992,3,0
"Seq4293","CCCTATTTATCTTATTTCAA","ATCCCAAAATCCACCTCAAC",7840,13444,3,0
"Seq4298","ATCTTATTTCAACTAAAAGT","TAACTCCAACATCATCAACC",7848,13690,1,0
"Seq4308","TAAAAGTCTCATCACAAACA","CTAATAGCCCTTCACATAAT",7861,11491,2,0
"Seq4309","TAAAAGTCTCATCACAAACA","CCTAATTAAACACATCAACT",7861,11835,16,0
"Seq4311","TAAAAGTCTCATCACAAACA","CTTCAACCTCACCATAGCCT",7861,9910,1,0
"Seq4312","AAGTCTCATCACAAACATTC","AACTTTACTGGGGTTTTTCC",7864,13329,1,1
"Seq4314","AGTCTCATCACAAACATTCC","TCACACACACGAGAACTAAC",7865,11470,1,1
"Seq4315","AGTCTCATCACAAACATTCC","CTCTTCACACAAACATAACC",7865,13463,1,2
"Seq4318","ACAAACATTCCCACTGGCAC","AGAACTAACACTAATAGCCC",7874,11481,2,1
"Seq4319","ACAAACATTCCCACTGGCAC","TCAACTTCCCACTGTACACC",7874,11849,1,1
"Seq4320","ACAAACATTCCCACTGGCAC","AAACCTAAAAACGATCCACC",7874,13932,2,1
"Seq4325","CAAACATTCCCACTGGCACC","CTATTAAACCTAAAAACGAT",7875,13927,3,0
"Seq4326","CAAACATTCCCACTGGCACC","ATAGCCTTCTCACTATCACT",7875,9923,2,0
"Seq4331","CATTCCCACTGGCACCTTCA","CTGGTTAGAAAAAACCATCC",7879,13428,1,0
"Seq4333","CCACTGGCACCTTCACCAAA","TCCCACTGTACACCACCACA",7884,11855,4,1
"Seq4334","CCACTGGCACCTTCACCAAA","ACCGCATTACACCCATAAAA",7884,13361,2,3
"Seq4336","ACTGGCACCTTCACCAAAAT","TGTACACCACCACATCAATC",7886,11861,6,0
"Seq4339","ACCTTCACCAAAATCACTAA","CCCAACGCGGCAAACTAACC",7892,11426,2,0
"Seq4342","TCACCAAAATCACTAACAAC","ACCCATAAAATCTCTCAACC",7896,13371,1,1
"Seq4343","TCACCAAAATCACTAACAAC","ACATAACCACTTTAACAACC",7896,13475,2,1
"Seq4344","TCACCAAAATCACTAACAAC","ATCAACCAATCTCCCAAACC",7896,13716,1,1
"Seq4345","TCACCAAAATCACTAACAAC","TCGTATATCCAAACACAACC",7896,13879,2,1
"Seq4346","TCACCAAAATCACTAACAAC","CCTAAAACCATTAAACAACC",7896,13956,1,1
"Seq4347","TCACCAAAATCACTAACAAC","TGTGTTATCTGACATACACC",7896,15628,1,1
"Seq4352","AATCACTAACAACCATAAAA","TAATAATTAAGCACACAAAT",7903,13764,1,0
"Seq4355","ACAACCATAAAAGTAAAAAC","ACCCCACCCCATATTAAACC",7911,14953,3,1
"Seq4366","AACCCCTTGAGAATTAAAAT","ACAACCAACCAAAAATAATG",7928,14042,1,0
"Seq4368","GAATTAAAATGAACGAAAAT","TGGCCTCACATCATCACTCC",7938,11142,1,0
"Seq4369","GAATTAAAATGAACGAAAAT","CTGAGCCCTACTAATTACAC",7938,12978,1,0
"Seq4370","GAATTAAAATGAACGAAAAT","TTACTGGGGTTTTTCCCATC",7938,13333,3,0
"Seq4371","GAATTAAAATGAACGAAAAT","TAAACCCGAATGATATTTCC",7938,14967,1,0
"Seq4376","ATGAACGAAAATCTATTTGC","TATTTAAAATTATTAACCAC",7946,14192,1,1
"Seq4378","AACGAAAATCTATTTGCCTC","CCCATCTATTATTCACCGCA",7949,13347,1,0
"Seq4381","AAAATCTATTTGCCTCATTC","ATATCCAAACACAACCAACA",7953,13883,1,0
"Seq4382","AAAATCTATTTGCCTCATTC","AACAAAAATATAATTATTCA",7953,14069,1,0
"Seq4385","TCTATTTGCCTCATTCATTA","CAAAATTAATCAGTTAGATC",7957,13823,1,0
"Seq4388","ATTTGCCTCATTCATTACCC","CAGTAACTTCCCTAAACTCC",7960,10029,1,2
"Seq4394","CATTACCCCAACAATAATAG","CGAGAACTAACACTAATAGC",7972,11479,3,0
"Seq4395","CATTACCCCAACAATAATAG","CTAATTATTTCAGTATTAGG",7972,13231,1,1
"Seq4398","ACCCCAACAATAATAGGATT","AAAATTAATCAGTTAGATCC",7976,13824,3,0
"Seq4407","GGATTCCCAATCGTTGTAGC","AAGATCACCCAGCTACTACC",7991,13615,3,1
"Seq4408","GGATTCCCAATCGTTGTAGC","ATCAACCAATCTCCCAAACC",7991,13716,1,1
"Seq4411","TTCCCAATCGTTGTAGCCAT","AAATCCAAATAAAAGTAATC",7994,11744,1,0
"Seq4412","TTCCCAATCGTTGTAGCCAT","TAAAAAACCCAAAATTAATC",7994,13814,1,0
"Seq4413","TTCCCAATCGTTGTAGCCAT","ATCCACCAAACCCTAAAACC",7994,13945,1,0
"Seq4415","CAATCGTTGTAGCCATCATT","ATTCAAGTAGCACAACTATA",7998,13638,1,0
"Seq4419","TGTAGCCATCATTATATTTC","CCACATCAATCAAATTCTCC",8005,11870,1,1
"Seq4420","TGTAGCCATCATTATATTTC","AGTAGTTGCAGGAATTTTCC",8005,12516,1,1
"Seq4421","TGTAGCCATCATTATATTTC","TAAACCCGAATGATATTTCC",8005,14967,2,1
"Seq4422","TGTAGCCATCATTATATTTC","AGCCTTAATCTTATCTATCC",8005,15039,3,1
"Seq4423","TGTAGCCATCATTATATTTC","TTTAGCCCTAATACCTTTCC",8005,15063,1,1
"Seq4428","TAGCCATCATTATATTTCCT","CTTCATTCTTCTACTATCCC",8007,11793,1,0
"Seq4434","TCATTATATTTCCTTCAATC","TGGCCTCACATCATCACTCC",8013,11142,2,1
"Seq4435","TCATTATATTTCCTTCAATC","CATTATTAGCCTCTTACCCC",8013,11892,1,1
"Seq4436","TCATTATATTTCCTTCAATC","CCTAAATAAATTAAAAAAAC",8013,13908,2,1
"Seq4443","ATTTCCTTCAATCCTATTCC","ATTTGGTCTATTAATCTACC",8020,15693,1,2
"Seq4445","CCTTCAATCCTATTCCCATC","CATTACACCCATAAAATCTC",8024,13365,1,2
"Seq4446","CCTTCAATCCTATTCCCATC","ATTAAACCTAAAAACGATCC",8024,13929,1,1
"Seq4447","CCTTCAATCCTATTCCCATC","TAATACCTTTCCTTCATACC",8024,15071,1,1
"Seq4454","TCCTATTCCCATCCTCAAAA","TAGCAGTCGTATATCCAAAC",8031,13873,1,0
"Seq4465","TCCCATCCTCAAAACGCCTA","ATCAAACCTAATTAAACACA",8037,11829,1,1
"Seq4466","TCCCATCCTCAAAACGCCTA","CTTCCAACATAACTCCAACA",8037,13681,3,1
"Seq4470","CCATCCTCAAAACGCCTAAT","GCCTAATATTCCGCCCAATC",8039,15104,1,0
"Seq4471","CCATCCTCAAAACGCCTAAT","CTACCATCCTCCGTGAAACC",8039,15708,9,0
"Seq4474","TCCTCAAAACGCCTAATCAA","ATCCCAAAATCCACCTCAAC",8042,13444,2,0
"Seq4478","CAAAACGCCTAATCAACAAC","CGCACTAGAACTAAACAACC",8046,13260,1,1
"Seq4479","CAAAACGCCTAATCAACAAC","CGAAACAGGATCAAACAACC",8046,14766,1,1
"Seq4483","AAACGCCTAATCAACAACCG","CTCAATACCAAATTTTAACT",8048,16085,1,0
"Seq4484","AACGCCTAATCAACAACCGT","TAAACTCCAACTCCATAAGC",8049,10041,1,0
"Seq4485","AACGCCTAATCAACAACCGT","TACCAATCCCCATCACCATC",8049,10065,1,0
"Seq4490","GCCTAATCAACAACCGTCTC","ATCCACCAAACCCTAAAACC",8052,13945,1,1
"Seq4492","CTAATCAACAACCGTCTCCA","TACTTCTCAATCATCTTAAT",8054,15235,1,0
"Seq4493","CTAATCAACAACCGTCTCCA","TACCAATATGCCATCTACCT",8054,9889,1,0
"Seq4494","AATCAACAACCGTCTCCATT","ACCTCATACATCAACCAATC",8056,13707,1,0
"Seq4495","TCAACAACCGTCTCCATTCT","CCGCTACCCCAATCCCTCCT",8058,13663,3,2
"Seq4498","AACAACCGTCTCCATTCTTT","AATTAAACACATCAACTTCC",8060,11838,2,0
"Seq4499","AACAACCGTCTCCATTCTTT","TCATACATCAACCAATCTCC",8060,13710,1,0
"Seq4502","ACAACCGTCTCCATTCTTTC","CCTAAAACCATTAAACAACC",8061,13956,1,1
"Seq4503","ACAACCGTCTCCATTCTTTC","AACCCTAGTATTATTTTTCC",8061,14883,1,1
"Seq4507","ACCGTCTCCATTCTTTCCAA","ATTAGTTTAACCAGCCTAAC",8064,10285,1,0
"Seq4508","CGTCTCCATTCTTTCCAACA","TAATGCTACTACCACTAACC",8066,10211,1,0
"Seq4515","CCAACACTGACTAGTTAAAC","GCAACCTTAATCCCAACACT",8080,10555,1,0
"Seq4516","CCAACACTGACTAGTTAAAC","GCCCTTCACATAATTCCACT",8080,11497,1,0
"Seq4518","CCAACACTGACTAGTTAAAC","CTATCACTTCTAGGGACACT",8080,9935,2,0
"Seq4520","AACACTGACTAGTTAAACTT","CTTCCAACATAACTCCAACA",8082,13681,1,0
"Seq4529","TAGTTAAACTTATTATCAAA","TGTACACCACCACATCAATC",8091,11861,1,0
"Seq4531","TTAAACTTATTATCAAACAA","TAAACCTAAACCTCCATAAA",8094,13994,1,2
"Seq4532","TTAAACTTATTATCAAACAA","CCAAGACAACCAACCAAAAA",8094,14037,1,2
"Seq4537","TTATTATCAAACAAATAATG","AATCAGCTTACAAATTCTCC",8100,10482,1,0
"Seq4538","TTATTATCAAACAAATAATG","CCAGACAACTACATACCAGC",8100,14920,8,0
"Seq4539","TTATCAAACAAATAATGCTA","CTATCAATAAATAAAGCAAA",8103,13291,2,1
"Seq4542","ATCAAACAAATAATGCTAAT","CCATAAGCTCCATACCAATC",8105,10053,1,0
"Seq4543","ATCAAACAAATAATGCTAAT","TAATTGCCCTCATCTTAATC",8105,10667,1,0
"Seq4544","ATCAAACAAATAATGCTAAT","ATCTTCATTCTTCTACTATC",8105,11791,1,0
"Seq4545","ATCAAACAAATAATGCTAAT","ACCTCATACATCAACCAATC",8105,13707,1,0
"Seq4547","TCAAACAAATAATGCTAATC","ATTAATAGCTAGCCAAAACC",8106,10413,1,1
"Seq4548","TCAAACAAATAATGCTAATC","CTTCATCATAATAATTAAGC",8106,13756,2,1
"Seq4552","AACAAATAATGCTAATCCAC","CATCAACTTCCCACTGTACA",8109,11847,1,0
"Seq4554","AAATAATGCTAATCCACACA","ACCCCCAATACTAAAAAACC",8112,13803,1,0
"Seq4555","AAATAATGCTAATCCACACA","CTCCTCTTAATGCCAAACCC",8112,16123,1,0
"Seq4556","AATAATGCTAATCCACACAC","AACCACTTTAACAACCAACC",8113,13479,1,1
"Seq4557","AATAATGCTAATCCACACAC","CTAACCCAAGACAACCAACC",8113,14032,1,1
"Seq4565","CTAATCCACACACCAAAAGG","TTCACAACACACACCTTAGA",8120,10726,1,0
"Seq4566","TAATCCACACACCAAAAGGA","AAACTATTAAACCTAAAAAC",8121,13924,1,0
"Seq4570","CCACACACCAAAAGGACGAA","TCCAACATAACTCCAACATC",8125,13683,1,0
"Seq4571","CACACACCAAAAGGACGAAC","GATGATGGTACGGACGAACA",8126,12227,1,0
"Seq4572","CACACACCAAAAGGACGAAC","CTAATCTCCATTAACGAAAA",8126,13078,1,0
"Seq4573","CACACACCAAAAGGACGAAC","CCCAATCCCTCCTTCCAACA",8126,13670,1,0
"Seq4574","CACACACCAAAAGGACGAAC","ATATCCAAACACAACCAACA",8126,13883,1,0
"Seq4579","CCAAAAGGACGAACATGAAC","TAAAAACGATCCACCAAACC",8132,13937,1,1
"Seq4580","CCAAAAGGACGAACATGAAC","AAATTTTAACTCTCCAAACC",8132,16094,2,1
"Seq4585","AAAGGACGAACATGAACCCT","AACCTCTATAATCACCCCCA",8135,13790,1,0
"Seq4586","AAGGACGAACATGAACCCTA","AGGTATATACTCAATATACA",8136,11394,1,1
"Seq4590","ACGAACATGAACCCTAATAA","TCCAACTTCATCATAATAAT",8140,13751,1,0
"Seq4594","GAACCCTAATAATTGTTTCC","CTGAGCCCTACTAATTACAC",8148,12978,1,1
"Seq4605","AATTGTTTCCCTAATCATAT","TTCCATGGACTCCATGTAAT",8158,9232,1,2
"Seq4607","TTGTTTCCCTAATCATATTT","AATTATTAACCACTCATTCA",8160,14199,1,0
"Seq4608","TGTTTCCCTAATCATATTTA","CAACCCGCCCACCAATGCCC",8161,15730,2,0
"Seq4616","AATCATATTTATTGGATCAA","AAACCTAAAAACGATCCACC",8170,13932,2,0
"Seq4617","ATCATATTTATTGGATCAAC","GAGGTGCCACAGTTATTACA",8171,14585,1,0
"Seq4620","TATTTATTGGATCAACAAAT","GAAAAAACCATCCCAAAATC",8175,13435,2,0
"Seq4621","TATTTATTGGATCAACAAAT","ACCTCATACATCAACCAATC",8175,13707,2,0
"Seq4632","GATCAACAAATCTCCTAGGC","GGTATCTTTTTATTTTGGCC",8184,15931,1,1
"Seq4638","CAAATCTCCTAGGCCTTTTA","CATTAAACAACCAACAAACC",8190,13964,1,0
"Seq4642","TCTCCTAGGCCTTTTACCAC","CCACCTCAACTCTTCACACA",8194,13454,1,0
"Seq4648","CTAGGCCTTTTACCACATAC","AACATCATCAACCTCATACA",8198,13697,2,0
"Seq4651","AGGCCTTTTACCACATACAT","GGAGCCCTAACCACATTATT",8200,12601,1,1
"Seq4653","CCTTTTACCACATACATTTA","CCCGCAAACAAAGATCACCC",8203,13605,1,0
"Seq4655","TTTACCACATACATTTACAC","TTACGTCCAAAATCTCAACC",8206,10159,1,1
"Seq4656","TTTACCACATACATTTACAC","AACCAACCATATAATTAACC",8206,11442,1,1
"Seq4657","TTTACCACATACATTTACAC","CCTATTAATATTTTTCCACA",8206,11910,1,0
"Seq4666","CATACATTTACACCTACTAC","ACCCGCAAACAAAGATCACC",8213,13604,1,1
"Seq4670","ATACATTTACACCTACTACC","TTCATAATTACCAATATGCC",8214,9881,1,2
"Seq4671","CATTTACACCTACTACCCAA","TAACTTCCCTAAACTCCAAC",8217,10032,1,0
"Seq4672","CATTTACACCTACTACCCAA","ATCCCAAAATCCACCTCAAC",8217,13444,1,0
"Seq4675","TTTACACCTACTACCCAACT","TCAACCAATCTCCCAAACCA",8219,13717,1,0
"Seq4680","CACCTACTACCCAACTATCC","CGAAAATGACCCAGACCTCA",8223,13092,1,0
"Seq4681","CACCTACTACCCAACTATCC","TCATAAAATAATCATCAACA",8223,15543,1,0
"Seq4682","TACTACCCAACTATCCATAA","CTTTAACAACCAACCAAAAA",8227,13484,2,2
"Seq4684","CTACCCAACTATCCATAAAT","AACCCACTAACAATTAAACC",8229,13980,1,0
"Seq4692","CATAAATCTAAGTATAGCCA","AACAACAACGACAATCTAAT",8242,12373,1,0
"Seq4699","CATTCCACTATGAGCTGGAG","TGCAACACCAACGCCTGAGC",8260,12964,1,0
"Seq4704","TGAGCTGGAGCCGTAATTAC","GCCTCGGAGCCCTAACCACA",8270,12596,1,0
"Seq4710","CCGTAATTACAGGCTTCCGA","CCCCAATCCCTCCTTCCAAC",8280,13669,1,0
"Seq4714","CTTCCGACACAAACTAAAAA","TAAGCACACAAATTAAAAAA",8293,13771,1,5
"Seq4716","TTCCGACACAAACTAAAAAG","TAGGGACACTTATATTTCGC",8294,9945,1,0
"Seq4719","ACAAACTAAAAAGCTCACTT","CAACAACCCGCCCACCAATG",8301,15727,1,0
"Seq4728","AAAGCTCACTTGCCCACTTC","GCCGCTACCCCAATCCCTCC",8310,13662,3,1
"Seq4742","ACTAATTCCAATACTTATTA","TTCTACTCAAAAGACCTAAT",8353,12925,2,0
"Seq4750","TATTGAAACAATTAGCCTAT","CAACAGGAAATAAACCTCCT",8374,11604,1,1
"Seq4758","CCTATTTATTCAACCAATGG","ATAATATTCCACCAACCAGC",8389,13169,1,0
"Seq4760","CTATTTATTCAACCAATGGC","TTCAACTGCGACCAATGACA",8390,14105,1,0
"Seq4783","GCAGGACACTTATTAATACA","TTTATTTCCTATTTTATACC",8441,10625,1,0
"Seq4788","ATTAATACACCTAATCGGAG","TCAAGACATCAAGAAGAAGG",8452,15367,4,1
"Seq4795","GAGGAGCTACTCTAGTATTA","AGGTATATACTCAATATACA",8469,11394,1,1
"Seq4806","ATTAATAAATATTAGCCCAC","AGAAGGAGCTACTCCCCACC",8485,15381,2,1
"Seq4807","ATTAATAAATATTAGCCCAC","AAACCAACAACCCGCCCACC",8485,15723,4,1
"Seq4809","AATAAATATTAGCCCACCAA","AGGAGCTACTCCCCACCACC",8488,15384,1,0
"Seq4810","AAATATTAGCCCACCAACAG","ATCGCCACTTCTATAACAGC",8491,13000,1,0
"Seq4815","ACCAACAGCTACCATTACAT","TATTTTCACAACCTCAATCT",8503,11766,1,1
"Seq4819","CAGCTACCATTACATTTATT","AAATGCTACTCAATACCAAA",8508,16077,1,0
"Seq4824","CATTACATTTATTATTTTAC","CAGCATACGAATCATTTACT",8515,13026,2,0
"Seq4834","ATTATTTTACTTCTACTCAC","GGCCTCCACCCATGACTACC",8525,12442,1,1
"Seq4844","TGCAGTAGCATTAATTCAAG","CATATAATTAACCTCCAACC",8557,11449,1,0
"Seq4853","AATTCAAGCCTACGTATTCA","CTAACCAACCATATAATTAA",8569,11440,1,1
"Seq4854","AATTCAAGCCTACGTATTCA","GGTGCCACAGTTATTACAAA",8569,14587,1,1
"Seq4855","ATTCAAGCCTACGTATTCAC","AATAAACCTCCTTATTCACC",8570,11612,1,1
"Seq4856","ATTCAAGCCTACGTATTCAC","AAAAAACCTCTATAATCACC",8570,13786,1,1
"Seq4864","TATTCACCCTCCTAGTAAGC","TTACAAACCTCCTATCAGCC",8583,14600,1,1
"Seq4865","TATTCACCCTCCTAGTAAGC","TGTACTGAATCCTAGTAGCC",8583,15134,1,1
"Seq4870","CCCTCCTAGTAAGCCTATAT","TGATCAATTATACAATTCTC",8589,12052,1,0
"Seq4871","CCCTCCTAGTAAGCCTATAT","CGCGTTTTCCCCCCCTAATC",8589,13064,4,0
"Seq4872","CCCTCCTAGTAAGCCTATAT","AACATAACTCCAACATCATC",8589,13686,1,0
"Seq4873","CCTAGTAAGCCTATATCTAC","CAAAATCTCAACCTACTACA",8593,10166,1,0
"Seq4874","CCTAGTAAGCCTATATCTAC","CAATTATACAATTCTCTTCA",8593,12056,1,0
"Seq4878","CTATATCTACATGATAATAC","AGGTATATACTCAATATACA",8603,11394,2,0
"Seq4879","TACATGATAATACATAATGA","CAGCTAATCCACTAAACACC",8610,14936,4,0
"Seq4880","ACATGATAATACATAATGAC","CTCCATTAACGAAAATGACC",8611,13083,3,1
"Seq4881","ACATGATAATACATAATGAC","CCCAGACATACTAGGAGACC",8611,14901,1,1
"Seq4886","GATAATACATAATGACCCAC","AAACCAACAACCCGCCCACC",8615,15723,2,1
"Seq4891","ATACATAATGACCCACCAAA","ACTGGTCCGATTCCACCCCC",8619,12537,1,0
"Seq4892","ATACATAATGACCCACCAAA","TAACTCCAACATCATCAACC",8619,13690,1,0
"Seq4893","ATGACCCACCAAACTCATGC","CCCATATTAAACCCGAATGA",8626,14960,1,0
"Seq4895","ACCAAACTCATGCATATCAC","CTACTCCTCAGTTAGCCACA",8633,11046,1,0
"Seq4900","ATATCACATAGTTAATCCAA","TCAAGATTAATTACTCCAAC",8646,13737,1,0
"Seq4904","AGTTAATCCAAGTCCATGAC","ACGCGGCAAACTAACCAACC",8655,11430,1,1
"Seq4905","AGTTAATCCAAGTCCATGAC","ATCAACCAATCTCCCAAACC",8655,13716,1,1
"Seq4908","GTTAATCCAAGTCCATGACC","TACACTACACATCAGATACA",8656,14321,1,0
"Seq4913","CCATGACCATTAACTGGAGC","AAATTCTCCTAATCATAACC",8668,10493,1,1
"Seq4914","CCATGACCATTAACTGGAGC","AATAATTATAACTAGCTCAA",8668,10989,1,0
"Seq4915","CCATGACCATTAACTGGAGC","AGTCCAAATCATTACAGGTC",8668,14289,1,1
"Seq4916","CCATGACCATTAACTGGAGC","CATCAGATACAATAACAGCC",8668,14330,1,1
"Seq4922","TTAACTGGAGCCTTTTCAGC","CATATAATTAACCTCCAACC",8677,11449,1,1
"Seq4923","TAACTGGAGCCTTTTCAGCC","CTAACCTGACTATCAAGCCC",8678,10225,1,2
"Seq4924","TAACTGGAGCCTTTTCAGCC","GCTTATCCTCACCTCAGCCA",8678,12144,1,0
"Seq4925","TAACTGGAGCCTTTTCAGCC","ATTGCCGCTACCCCAATCCC",8678,13659,3,2
"Seq4939","TTTTCAGCCCTCCTTCTAAC","TTCCACTTATTCTTCTAACT",8689,11510,1,0
"Seq4940","TTTTCAGCCCTCCTTCTAAC","CCCAATCCCTCCTTCCAACA",8689,13670,2,0
"Seq4946","CCTTCTAACATCAGGTCTAG","CACACACGAGAACTAACACT",8700,11473,1,0
"Seq4948","TTCTAACATCAGGTCTAGTA","TTCTATCTCTAGGCCTAGCA",8702,9767,1,1
"Seq4949","CTAACATCAGGTCTAGTAAT","CCCCATTTGGTCTATTAATC",8704,15689,1,0
"Seq4956","TCTAGTAATATGATTTCACT","AACACTAATAGCCCTTCACA",8715,11487,1,0
"Seq4963","TTCACTATAATTCAATTACA","GAAAGACATATAATATTAAC",8729,16161,1,0
"Seq4969","AATTCAATTACACTATTAAC","TAAAAACGATCCACCAAACC",8737,13937,1,1
"Seq4973","AATTACACTATTAACCCTTG","CTACCATCAGCAATAGAAGG",8742,12457,1,1
"Seq4975","TTACACTATTAACCCTTGGC","ATTTAAAATCACTAATCGCC",8744,11027,1,1
"Seq4976","TTACACTATTAACCCTTGGC","TATATAATTACAACCTGGCA",8744,11941,1,0
"Seq4977","TTACACTATTAACCCTTGGC","GGTATCTTTTTATTTTGGCC",8744,15931,1,1
"Seq4983","TTAACCCTTGGCCTACTCAC","ATCAACCTCATACATCAACC",8752,13703,1,1
"Seq4984","TTAACCCTTGGCCTACTCAC","AAACCAACAACCCGCCCACC",8752,15723,1,1
"Seq4992","TTGGCCTACTCACCAATATC","CCTGATTACCATGCTTATCC",8759,12132,1,1
"Seq4993","TTGGCCTACTCACCAATATC","ACCAACCAGCATTCCAGTCC",8759,13179,1,1
"Seq4998","TTGGCCTACTCACCAATATC","TTCGCTCTCACCTAATATCC",8759,9960,1,1
"Seq5000","CTACTCACCAATATCCTCAC","AACTAATTACAGGCCTGACA",8764,11540,1,0
"Seq5001","TACTCACCAATATCCTCACA","CAATATCAAACCTAATTAAA",8765,11825,1,1
"Seq5003","CACCAATATCCTCACAATAT","TCAACCAATCTCCCAAACCA",8769,13717,1,0
"Seq5005","AATATCCTCACAATATATCA","TTCCAGTCCTCACAATACCA",8773,13190,1,2
"Seq5009","TATATCAATGATGACGAGAC","AACACACATTTGTCGAGACG",8786,14361,1,0
"Seq5015","GACGTAATTCGTGAAGGAAC","CGTGAAACCAACAACCCGCC",8803,15719,1,1
"Seq5016","TAATTCGTGAAGGAACCTAC","ATACCAAATTTTAACTCTCC",8807,16089,2,1
"Seq5022","AAGGAACCTACCAAGGCCAC","ACGCTAGGAATAAACCAACC",8816,12706,1,1
"Seq5024","AGGAACCTACCAAGGCCACC","TAACCTCCAACCCTCACACA",8817,11457,3,0
"Seq5026","AACCTACCAAGGCCACCACA","TCTCCAAACCCCCCACCCCC",8820,16104,1,0
"Seq5028","CTACCAAGGCCACCACACTC","AATTAAACACATCAACTTCC",8823,11838,1,1
"Seq5050","ATCGTCTCGGAAGTATTTTT","GCCTAGCATTCGGAAGCATC",8884,13127,2,0
"Seq5059","AGGATTCTTCTGAGCGTTCT","TAATTAAATTGTACTTTATA",8910,13508,1,0
"Seq5062","CTTCTGAGCGTTCTATCATT","AATTCGCATCTCCATTATTC",8916,10914,1,0
"Seq5087","TCCAACAGGAATTTCACCAC","CACACACGAGAACTAACACT",8976,11473,1,0
"Seq5088","TCCAACAGGAATTTCACCAC","GCCCTTCACATAATTCCACT",8976,11497,1,0
"Seq5098","CCTCTAGAAGTCCCACTACT","TTCACAACCTCAATCTTATT",9001,11770,1,1
"Seq5103","CACTACTTAATACTTCAGTA","TCACATAATTCCACTTATTC",9014,11502,1,0
"Seq5118","GTGTTTCAATTACATGAGCT","AAAATCATACCATTCACATC",9047,12850,1,0
"Seq5128","ATAGCCTTATAGAAGGTAAA","AAACTATTAAACCTAAAAAC",9071,13924,1,0
"Seq5132","ATAGAAGGTAAACGAAACCA","TTATTCACCGCATTACACCC",9079,13355,1,0
"Seq5133","TAGAAGGTAAACGAAACCAC","AAAGATAATAACGTACTACA",9080,10441,1,0
"Seq5137","GTAAACGAAACCACATAAAT","TGTACACCACCACATCAATC",9086,11861,2,0
"Seq5140","GAAACCACATAAATCAAGCC","CTAACCTGACTATCAAGCCC",9092,10225,2,2
"Seq5141","GAAACCACATAAATCAAGCC","CAACACCAACGCCTGAGCCC",9092,12966,5,2
"Seq5144","ACCACATAAATCAAGCCCTA","CGTAACCTCATATAGTTTTC",9095,10263,1,0
"Seq5145","ACCACATAAATCAAGCCCTA","TCTATAATCACCCCCAATAC",9095,13794,2,0
"Seq5151","AAATCAAGCCCTACTAATTA","CATATGACTATCCCCTTCCC",9102,15672,1,0
"Seq5165","ATACTAGGACTTTACTTCAC","CAACCTGGCACTGAGTCACC",9127,11951,1,1
"Seq5166","ATACTAGGACTTTACTTCAC","ATTTGGTCTATTAATCTACC",9127,15693,2,1
"Seq5212","TGGTTCTACATTCTTCATGG","GCAAACAAAGATCACCCAGC",9204,13608,2,0
"Seq5215","CATTCTTCATGGCTACTGGA","CCGCTACCCCAATCCCTCCT",9212,13663,1,0
"Seq5218","CTTCATGGCTACTGGATTCC","ACAATACTAATAATCGCACA",9216,11122,1,0
"Seq5230","GGACTCCATGTAATTATTGG","TAATCGCACATGGCCTCACA",9238,11132,1,0
"Seq5247","CATTCCTTATTGTTTGCCTA","ATCCCTCCTTCCAACATAAC",9263,13674,1,0
"Seq5255","GCCTACTACGACAACTAAAA","CTACTATCCCCAATCCTAAT",9278,11803,1,0
"Seq5258","TACGACAACTAAAATTTCAC","TAATTACACTAATCGCCACT",9284,12989,1,0
"Seq5260","CAACTAAAATTTCACTTCAC","ATCAAACCTAATTAAACACA",9289,11829,1,0
"Seq5268","ATCAAAACATCACTTCGGAT","ATTATATTTTATATTTTATT",9309,10531,1,1
"Seq5271","CAAAACATCACTTCGGATTT","TCATCATGCCTAGTAATCGG",9311,12868,1,0
"Seq5331","ATTAGTAGATTCTGAATAAA","TCTGGTTAGAAAAAACCATC",9444,13427,1,0
"Seq5339","TAAACCCAGAAGAGAGTAAT","ACCTCATACATCAACCAATC",9460,13707,1,0
"Seq5347","ATTAACCTGTACACTGTTAT","CAACCTCAATCTTATTAATC",9478,11774,1,0
"Seq5367","CTAACGCTAATTCTAGTTGC","CTCAATCTTATTAATCTTCA",9520,11778,2,0
"Seq5369","ACGCTAATTCTAGTTGCATT","AATAATTCTAGCAGCTATTC",9523,10869,1,0
"Seq5373","TCTAGTTGCATTCTGACTCC","AACTATATATTGCCGCTACC",9531,13651,1,2
"Seq5374","TCTAGTTGCATTCTGACTCC","CCTCCTCTTAATGCCAAACC",9531,16122,1,2
"Seq5377","TTGCATTCTGACTCCCCCAA","AGAACTAAACAACCTAACCA",9536,13266,1,1
"Seq5380","TCTGACTCCCCCAAATAAAT","ACATCCCCCCTAAATAAATT",9542,13900,1,1
"Seq5389","TAAATCTGTACTCAGAAAAA","GGTGCAAATCCAAATAAAAG",9557,11739,1,0
"Seq5390","TCTGTACTCAGAAAAAGCAA","ACCAAAAACCTTGGTGCAAA",9561,11727,1,2
"Seq5391","TCTGTACTCAGAAAAAGCAA","CTATCAATAAATAAAGCAAA",9561,13291,4,2
"Seq5393","TGTACTCAGAAAAAGCAAAT","AAACCTCCTATCAGCCATCC",9563,14604,1,0
"Seq5394","GTACTCAGAAAAAGCAAATC","ACGCGGCAAACTAACCAACC",9564,11430,1,1
"Seq5407","TGAATGCGGATTCGACCCTA","AACATAACTCCAACATCATC",9588,13686,1,0
"Seq5414","AGCTCTGCACGTCTACCATT","ACCTCATACATCAACCAATC",9610,13707,3,0
"Seq5432","TTACATTTCTATTATTTGAC","ACCATTTATTATCGCGGCCC",9656,14718,1,1
"Seq5452","ACTACCATGAGCAATTCAAA","AAACCCTAAAACCATTAAAC",9699,13952,1,0
"Seq5453","CTACCATGAGCAATTCAAAC","CCTATTAATATTTTTCCACA",9700,11910,1,0
"Seq5456","GCAATTCAAACAATTAAAAC","AATGCCAAACCCCAAAAACA",9709,16131,1,0
"Seq5467","AACCTCTACTATAATAATTA","CCACCAACCAGCATTCCAGT",9726,13177,1,0
"Seq5469","TCTACTATAATAATTATAGC","CTCCATAAATAGGTGAAGGC",9730,14005,1,2
"Seq5470","TCTACTATAATAATTATAGC","CATCAGATACAATAACAGCC",9730,14330,1,1
"Seq5488","TCACAATTCTATCTCTAGGC","ATCATCACTCCTATTCTGCC",9761,11151,1,1
"Seq5515","ATTAGATTATGATGATGTTC","AGGTATATACTCAATATACA",9864,11394,1,0
"Seq5524","TGATGTTCATAATTACCAAT","TTACAGGTATATACTCAATA",9876,11390,1,0
"Seq5531","ATTACCAATATGCCATCTAC","TTACACTATTCCTGATTACC",9887,12122,2,1
"Seq5532","ATTACCAATATGCCATCTAC","CTAATTTTAGCCCTAATACC",9887,15058,1,1
"Seq5539","ATGCCATCTACCTTCTTCAA","CATATAATTAACCTCCAACC",9896,11449,3,0
"Seq5540","TGCCATCTACCTTCTTCAAC","AACCAACCATATAATTAACC",9897,11442,1,1
"Seq5541","TGCCATCTACCTTCTTCAAC","CCTGATTACCATGCTTATCC",9897,12132,2,1
"Seq5542","TGCCATCTACCTTCTTCAAC","TAACTCCAACATCATCAACC",9897,13690,3,1
"Seq5543","TGCCATCTACCTTCTTCAAC","TAATACCTTTCCTTCATACC",9897,15071,1,1
"Seq5553","TTCTTCAACCTCACCATAGC","AGAACTAACACTAATAGCCC",9908,11481,1,1
"Seq5558","CTCACCATAGCCTTCTCACT","TCAACCAATCTCCCAAACCA",9917,13717,1,0
"Seq5566","CTTCTCACTATCACTTCTAG","TTTTTCCCAGACATACTAGG",9928,14896,1,1
"Seq5569","ACTATCACTTCTAGGGACAC","ATTATTCACCGCATTACACC",9934,13354,1,1
"Seq5573","TCACTTCTAGGGACACTTAT","CAGATGCAGATAAAATTCCA",9938,14801,1,0
"Seq5582","CACTTATATTTCGCTCTCAC","ATTAAAAAAACTATTAAACC",9951,13917,1,1
"Seq5588","CGCTCTCACCTAATATCCAC","GCCCTTCACATAATTCCACT",9962,11497,1,0
"Seq5602","TGCCTGGAAGGCATAGTATT","TCCTAGGTATCCTAATCATA",9989,14849,1,0
"Seq5619","ATTTATTATAACTTCAGTAA","ACCTAATTAAACACATCAAC",10015,11834,2,0
"Seq5620","ATTTATTATAACTTCAGTAA","GCCGCTACCCCAATCCCTCC",10015,13662,3,0
"Seq5623","ATTATAACTTCAGTAACTTC","ATTATTCACCGCATTACACC",10019,13354,1,1
"Seq5628","TTATAACTTCAGTAACTTCC","AGCTATAGTTTGATTTTCCC",10020,12312,1,2
"Seq5629","TTATAACTTCAGTAACTTCC","AAAATCTCTCAACCTAAGCC",10020,13377,1,2
"Seq5638","ACTTCAGTAACTTCCCTAAA","TCCTATTCTGCCTAGCAAAC",10025,11159,1,0
"Seq5639","ACTTCAGTAACTTCCCTAAA","ATCCCTCCTTCCAACATAAC",10025,13674,5,0
"Seq5644","GTAACTTCCCTAAACTCCAA","ATAACTCCAACATCATCAAC",10031,13689,2,0
"Seq5646","AACTTCCCTAAACTCCAACT","CTCCTCTTAATGCCAAACCC",10033,16123,1,0
"Seq5652","CTAAACTCCAACTCCATAAG","AAAATCAGCACAATTTGGCC",10040,12426,1,0
"Seq5653","CTAAACTCCAACTCCATAAG","TCAATACCAAATTTTAACTC",10040,16086,1,0
"Seq5657","CAACTCCATAAGCTCCATAC","CCACTGTACACCACCACATC",10048,11857,2,1
"Seq5658","CAACTCCATAAGCTCCATAC","AACATCACAAAAATCATACC",10048,12841,1,1
"Seq5659","CAACTCCATAAGCTCCATAC","ATCAACCTCATACATCAACC",10048,13703,5,1
"Seq5662","TCCATAAGCTCCATACCAAT","ACGCCATTCTACGCTCAATC",10052,14996,2,0
"Seq5664","CCATAAGCTCCATACCAATC","CCATATGACTATCCCCTTCC",10053,15671,1,1
"Seq5665","CCATAAGCTCCATACCAATC","CCTCCTCTTAATGCCAAACC",10053,16122,2,1
"Seq5675","TCCATACCAATCCCCATCAC","ATCAACCAATCTCCCAAACC",10061,13716,2,1
"Seq5676","TCCATACCAATCCCCATCAC","GCTTTCCACTTCATCTTACC",10061,14701,1,1
"Seq5679","ATACCAATCCCCATCACCAT","ACTAAACACCCCACCCCATA",10064,14946,2,0
"Seq5695","GCGAAGCAGCTGTAGGACTA","CTACCATCAGCAATAGAAGG",10101,12457,1,0
"Seq5697","AAGCAGCTGTAGGACTAGCC","CAACACCAACGCCTGAGCCC",10104,12966,3,2
"Seq5705","ACTAGCCCTACTAGTAAAAG","ATAGAAGGCCCTACACCAGT",10117,12469,1,0
"Seq5709","AGCCCTACTAGTAAAAGTTT","CCCCCAATACTAAAAAACCC",10120,13804,1,0
"Seq5714","CTAGTAAAAGTTTCAAACAC","CAGTCGTATATCCAAACACA",10127,13876,1,0
"Seq5723","GAACAGATTACGTCCAAAAT","CGCATTACACCCATAAAATC",10152,13363,2,0
"Seq5726","ATTACGTCCAAAATCTCAAC","ATAAAATTCCATTTCACCCC",10158,14810,1,1
"Seq5727","ATTACGTCCAAAATCTCAAC","TGCTTGTTAGACATAAATGC",10158,16063,1,1
"Seq5732","GTCCAAAATCTCAACCTACT","CATCATAATAATTAAGCACA",10163,13759,1,0
"Seq5735","TCCAAAATCTCAACCTACTA","CGAATCATTTACTTCGTAAC",10164,13033,1,0
"Seq5736","CCAAAATCTCAACCTACTAC","AACATCATCAACCTCATACA",10165,13697,1,0
"Seq5743","AATCTCAACCTACTACAATG","TCTATAATCACCCCCAATAC",10169,13794,1,0
"Seq5747","AACCTACTACAATGCTAAAA","AACACACCCATTATTTAAAA",10175,14181,1,5
"Seq5748","AACCTACTACAATGCTAAAA","CCCCTTCCCCATTTGGTCTA",10175,15683,1,1
"Seq5757","CTACAATGCTAAAAATTATT","CCACATCAATCAAATTCTCC",10181,11870,2,0
"Seq5762","AATGCTAAAAATTATTCTTC","CATATAATTAACCTCCAACC",10185,11449,4,1
"Seq5764","ATGCTAAAAATTATTCTTCC","GGACTTCAAATGGTCTTCCC",10186,11224,1,2
"Seq5772","AAATTATTCTTCCCTCACTA","TCATGCTTGTTAGACATAAA",10193,16060,1,1
"Seq5774","ATTATTCTTCCCTCACTAAT","CCCACCCCCTCCTCTTAATG",10195,16115,1,0
"Seq5776","TTATTCTTCCCTCACTAATG","GCAAACAAAGATCACCCAGC",10196,13608,3,0
"Seq5777","TTATTCTTCCCTCACTAATG","GTAGCACAACTATATATTGC",10196,13644,1,0
"Seq5784","TTCCCTCACTAATGCTACTA","CAACTACATACCAGCTAATC",10202,14925,3,0
"Seq5786","TCCCTCACTAATGCTACTAC","TCACACACACGAGAACTAAC",10203,11470,2,2
"Seq5787","TCCCTCACTAATGCTACTAC","CTCTTCACACAAACATAACC",10203,13463,2,1
"Seq5791","CCTCACTAATGCTACTACCA","CATTATTAGCCTCTTACCCC",10205,11892,1,0
"Seq5797","CTAATGCTACTACCACTAAC","TAGAATATATAATTACAACC",10210,11936,2,1
"Seq5798","CTAATGCTACTACCACTAAC","GCACACAAATTAAAAAAACC",10210,13774,1,1
"Seq5799","CTAATGCTACTACCACTAAC","ATTAAAAAAACTATTAAACC",10210,13917,2,1
"Seq5800","CTAATGCTACTACCACTAAC","AACCAACAAACCCACTAACA",10210,13972,1,0
"Seq5811","CTACTACCACTAACCTGACT","CCCCAATCCTAATTTCAATA",10216,11810,2,0
"Seq5812","CTACTACCACTAACCTGACT","TCAACCAATCTCCCAAACCA",10216,13717,1,0
"Seq5815","ACTACCACTAACCTGACTAT","AAACCTAAAAACGATCCACC",10218,13932,2,0
"Seq5822","CCACTAACCTGACTATCAAG","CAGCTAATCCACTAAACACC",10222,14936,1,0
"Seq5823","CACTAACCTGACTATCAAGC","TAAAAACGATCCACCAAACC",10223,13937,8,1
"Seq5828","ACTAACCTGACTATCAAGCC","AAATCTCTCAACCTAAGCCT",10224,13378,1,0
"Seq5829","ACTAACCTGACTATCAAGCC","TCTATAATCACCCCCAATAC",10224,13794,1,1
"Seq5830","ACTAACCTGACTATCAAGCC","AACCCACTAACAATTAAACC",10224,13980,2,2
"Seq5835","TAACCTGACTATCAAGCCCT","CCTCTTAATGCCAAACCCCA",10226,16125,5,0
"Seq5839","CTATCAAGCCCTAAAAAAAC","AATATAGTTTACAAAAAACA",10234,11567,3,0
"Seq5840","CTATCAAGCCCTAAAAAAAC","ATATCAAACCTAATTAAACA",10234,11827,1,0
"Seq5841","CTATCAAGCCCTAAAAAAAC","GCACACAAATTAAAAAAACC",10234,13774,1,1
"Seq5842","CTATCAAGCCCTAAAAAAAC","AGCAGTCGTATATCCAAACA",10234,13874,1,0
"Seq5843","CTATCAAGCCCTAAAAAAAC","CTAAATAAATTAAAAAAACT",10234,13909,1,0
"Seq5844","CTATCAAGCCCTAAAAAAAC","AATGCTAACCCAAGACAACC",10234,14028,2,1
"Seq5850","AAGCCCTAAAAAAACCTGAA","TAATAAAAATACCCGCAAAC",10239,13594,1,0
"Seq5851","AAGCCCTAAAAAAACCTGAA","AAACCCTAAAACCATTAAAC",10239,13952,2,0
"Seq5852","AAGCCCTAAAAAAACCTGAA","CTAACCCAAGACAACCAACC",10239,14032,1,0
"Seq5855","AGCCCTAAAAAAACCTGAAC","ATTAACCTCCAACCCTCACA",10240,11455,3,0
"Seq5856","CTAAAAAAACCTGAACAAAC","CTCAACTCTTCACACAAACA",10244,13458,2,0
"Seq5857","CTAAAAAAACCTGAACAAAC","CATTAAACAACCAACAAACC",10244,13964,5,1
"Seq5861","AAAACCTGAACAAACGTAAC","TAACTCCAACATCATCAACC",10249,13690,3,1
"Seq5868","ACAAACGTAACCTCATATAG","TGACAATATGTGAATATAGT",10258,11555,1,0
"Seq5870","ACGTAACCTCATATAGTTTT","CACCAACGCCTGAGCCCTAC",10262,12969,2,0
"Seq5873","AACCTCATATAGTTTTCTAA","AACCTCATACATCAACCAAT",10266,13706,1,0
"Seq5882","AGTTTTCTAATTAGTTTAAC","TTCCACTTATTCTTCTAACT",10276,11510,1,0
"Seq5883","AGTTTTCTAATTAGTTTAAC","CATATAATATTCCACCAACC",10276,13166,2,1
"Seq5887","TTCTAATTAGTTTAACCAGC","ATCTATCCTAATTTTAGCCC",10280,15051,1,1
"Seq5888","TTCTAATTAGTTTAACCAGC","TACCTCAAAGCAACGAAGCC",10280,15087,1,1
"Seq5895","TTAGTTTAACCAGCCTAACA","TCAAGATTAATTACTCCAAC",10286,13737,1,0
"Seq5898","TAGTTTAACCAGCCTAACAC","CAGTCGTATATCCAAACACA",10287,13876,2,0
"Seq5906","AACCAGCCTAACACTTCTAT","TATATTCTCCAACAACAACG",10293,12363,1,0
"Seq5913","CTAACACTTCTATGACAAAC","CCTAATTTCAATATCAAACC",10300,11817,1,1
"Seq5914","CTAACACTTCTATGACAAAC","GAAACACCTAATGACAAACA",10300,14154,2,0
"Seq5917","CACTTCTATGACAAACCGAC","TCCGATTCCACCCCCTCACG",10304,12542,1,0
"Seq5918","CACTTCTATGACAAACCGAC","CACCTAATGACAAACATACG",10304,14158,11,0
"Seq5922","TCTATGACAAACCGACGAAA","AATAGGAAACATCACAAAAA",10308,12834,1,3
"Seq5923","TCTATGACAAACCGACGAAA","CCAAGACAACCAACCAAAAA",10308,14037,1,3
"Seq5924","TCTATGACAAACCGACGAAA","TTAATGCCAAACCCCAAAAA",10308,16129,1,3
"Seq5932","ACCGACGAAAATTATAAAAA","ATACCATGATTTTTAAAAAC",10318,13204,1,0
"Seq5933","ACCGACGAAAATTATAAAAA","TCAAGATTAATTACTCCAAC",10318,13737,1,0
"Seq5934","ACCGACGAAAATTATAAAAA","AGCACACAAATTAAAAAAAC",10318,13773,5,0
"Seq5935","ACCGACGAAAATTATAAAAA","CCTAAATAAATTAAAAAAAC",10318,13908,3,0
"Seq5936","ACCGACGAAAATTATAAAAA","ACCAACCAAAAATAATGAAC",10318,14045,2,0
"Seq5937","ACCGACGAAAATTATAAAAA","ACCCCAAAAACACTAAGAAC",10318,16139,1,0
"Seq5942","CGAAAATTATAAAAACTTTT","CATAAATGCTACTCAATACC",10323,16074,1,0
"Seq5946","ATTATAAAAACTTTTCAAAT","TAATGAACTTAAAACAAAAA",10328,14057,1,0
"Seq5953","AACTTTTCAAATATATTCTC","AACCAACCATATAATTAACC",10336,11442,2,1
"Seq5954","AACTTTTCAAATATATTCTC","TATTTAAAATTATTAACCAC",10336,14192,1,1
"Seq5961","AAATATATTCTCCTCAGACC","TTCATTATTAGCCTCTTACC",10344,11890,1,3
"Seq5966","ATATTCTCCTCAGACCCCCT","ACTATTAAACCTAAAAACGA",10348,13926,3,0
"Seq5968","ATTCTCCTCAGACCCCCTAT","ATATTGCCGCTACCCCAATC",10350,13657,1,0
"Seq5976","CTCAGACCCCCTATCCACAC","ATCCACCAAACCCTAAAACC",10356,13945,1,1
"Seq5978","TCAGACCCCCTATCCACACC","CCCAAACATCAATCGATTCA",10357,12093,3,0
"Seq5979","TCAGACCCCCTATCCACACC","CAATACTAAAAAACCCAAAA",10357,13808,1,0
"Seq5980","CAGACCCCCTATCCACACCA","AACCCCCCACCCCCTCCTCT",10358,16110,2,0
"Seq5982","CCCCCTATCCACACCATTAA","ATATACTCAATATACATAAT",10362,11398,1,0
"Seq5988","CTATCCACACCATTAATTAT","CGACTAATAATAACTTTATT",10366,12560,10,1
"Seq5989","CTATCCACACCATTAATTAT","TTCACACAAACATAACCACT",10366,13466,2,1
"Seq5991","TATCCACACCATTAATTATT","AGTAGCCAACCTACTTATCT",10367,15147,1,1
"Seq5995","CACACCATTAATTATTTTAA","CATTATTTAAAATTATTAAC",10371,14189,1,0
"Seq6000","CCATTAATTATTTTAACAGC","TAAATATCTTACACTATTCC",10375,12114,5,1
"Seq6013","TTTTAACAGCCTGATTACTG","ATTATTCACCGCATTACACC",10385,13354,1,0
"Seq6017","TAACAGCCTGATTACTGCCA","GTCCCTTCTAGGAGTCTGCC",10388,14265,1,0
"Seq6019","CAGCCTGATTACTGCCACTA","ATTCAAGTAGCACAACTATA",10391,13638,1,2
"Seq6020","CAGCCTGATTACTGCCACTA","CCACTAAACACCCCACCCCA",10391,14944,1,1
"Seq6025","ACTGCCACTAATATTAATAG","CGAGAACTAACACTAATAGC",10401,11479,2,0
"Seq6030","GCCACTAATATTAATAGCTA","CCCACCCCCTCCTCTTAATG",10404,16115,2,0
"Seq6037","TATTAATAGCTAGCCAAAAC","CTAAATAAATTAAAAAAACT",10412,13909,1,0
"Seq6043","TAATAGCTAGCCAAAACCAC","AAAATCTCTCAACCTAAGCC",10415,13377,1,1
"Seq6044","TAATAGCTAGCCAAAACCAC","AAACCATCCCAAAATCCACC",10415,13439,1,1
"Seq6045","TAATAGCTAGCCAAAACCAC","ATTAAAAAAACTATTAAACC",10415,13917,1,1
"Seq6046","TAATAGCTAGCCAAAACCAC","GTCCGCAAAACCCAATCACC",10415,16027,1,1
"Seq6047","TAATAGCTAGCCAAAACCAC","ATGCCAAACCCCAAAAACAC",10415,16132,1,3
"Seq6049","ATAGCTAGCCAAAACCACCT","TAACCCAAGACAACCAACCA",10417,14033,1,0
"Seq6050","TAGCTAGCCAAAACCACCTA","TCACCCAAAACGACATCAAA",10418,12638,1,1
"Seq6051","TAGCTAGCCAAAACCACCTA","TCTTAATGCCAAACCCCAAA",10418,16127,1,1
"Seq6057","CAAAACCACCTAAAAAAAGA","TGCCAAACCCCAAAAACACT",10426,16133,1,0
"Seq6059","AAACCACCTAAAAAAAGATA","CCCAATCCCTCCTTCCAACA",10428,13670,1,1
"Seq6080","ATAATAACGTACTACAAAAA","TGAATATAGTTTACAAAAAA",10445,11565,1,5
"Seq6081","ATAATAACGTACTACAAAAA","ATCCCAAAATCCACCTCAAC",10445,13444,1,0
"Seq6082","ATAATAACGTACTACAAAAA","CATGTTCCGTGAACCAAAAC",10445,16263,1,0
"Seq6089","ACGTACTACAAAAACTCTAC","AACATCATCAACCTCATACA",10451,13697,1,0
"Seq6090","ACGTACTACAAAAACTCTAC","AATTATTCATTATTTCTACA",10451,14080,1,0
"Seq6091","GTACTACAAAAACTCTACAT","TTGGCCAACTAGCCTCCATC",10453,15212,1,0
"Seq6093","ACTACAAAAACTCTACATCT","AAACCTCTATAATCACCCCC",10455,13789,1,0
"Seq6105","TACATCTCAATACTAATCAG","CAATAGAACTTAAAATAAGC",10468,11978,1,0
"Seq6106","TACATCTCAATACTAATCAG","TCTCATACTTCTCAATCATC",10468,15230,1,0
"Seq6110","ATCTCAATACTAATCAGCTT","CATCATAATAATTAAGCACA",10471,13759,1,0
"Seq6112","CAATACTAATCAGCTTACAA","TAAACCTAAACCTCCATAAA",10475,13994,1,2
"Seq6114","TACTAATCAGCTTACAAATT","ATCCCTCCTTCCAACATAAC",10478,13674,2,0
"Seq6115","TACTAATCAGCTTACAAATT","ACCTCATACATCAACCAATC",10478,13707,7,0
"Seq6117","TAATCAGCTTACAAATTCTC","CCACATCAATCAAATTCTCC",10481,11870,15,1
"Seq6118","TAATCAGCTTACAAATTCTC","AATTAATCAGTTAGATCCCC",10481,13826,1,1
"Seq6119","TAATCAGCTTACAAATTCTC","AACCCACTAACAATTAAACC",10481,13980,1,1
"Seq6126","CAAATTCTCCTAATCATAAC","CCTAATTTCAATATCAAACC",10492,11817,1,1
"Seq6127","CAAATTCTCCTAATCATAAC","CTCTTCACACAAACATAACC",10492,13463,2,1
"Seq6134","AATCATAACCTTTTCAGCAA","ACCTAATTAAACACATCAAC",10503,11834,2,0
"Seq6135","AATCATAACCTTTTCAGCAA","AACATAACCACTTTAACAAC",10503,13474,1,0
"Seq6142","CTTTTCAGCAACTGAACTAA","TCCAACTTCATCATAATAAT",10512,13751,1,0
"Seq6149","GAACTAATTATATTTTATAT","CCCGAATGATATTTCCTATT",10525,14971,1,1
"Seq6152","CTAATTATATTTTATATTTT","CCAAATAAAAGTAATCAATA",10528,11748,2,0
"Seq6157","TATTTTATATTTTATTTGAA","AAAAGACCTAATTATTGAAG",10535,12933,1,0
"Seq6160","TATATTTTATTTGAAGCAAC","TAATCAATATTTTCACAACC",10540,11759,1,1
"Seq6161","TATATTTTATTTGAAGCAAC","AACCACTTTAACAACCAACC",10540,13479,1,1
"Seq6166","TTATTTGAAGCAACCTTAAT","ATATTGCCGCTACCCCAATC",10546,13657,1,0
"Seq6167","TTATTTGAAGCAACCTTAAT","CAGCTAATCCACTAAACACC",10546,14936,1,0
"Seq6175","AGCAACCTTAATCCCAACAC","CAATTAATACCTGCAACACC",10554,12953,1,1
"Seq6177","GCAACCTTAATCCCAACACT","TCCCCTTCCCCATTTGGTCT",10555,15682,1,2
"Seq6188","CCAACACTTATTATTATTAC","ACCCCACCCCATATTAAACC",10567,14953,2,1
"Seq6205","TACCCGATGAGGGAACCAAA","TATATCCAAACACAACCAAC",10584,13882,2,0
"Seq6206","TACCCGATGAGGGAACCAAA","CAAATTTTAACTCTCCAAAC",10584,16093,2,0
"Seq6209","GAGGGAACCAAACTGAACGC","CATAAACCCAATCAAACGCC",10592,13110,1,1
"Seq6228","ATTTATTTCCTATTTTATAC","CATAAATGCTACTCAATACC",10624,16074,1,1
"Seq6231","TTTATTTCCTATTTTATACC","AAAACCGCGTTTTCCCCCCC",10625,13059,1,2
"Seq6238","ATTTTATACCCTAATCGGTT","TTACTGGGGTTTTTCCCATC",10635,13333,1,0
"Seq6240","TTATACCCTAATCGGTTCTA","CTAATTAAACACATCAACTT",10638,11836,1,0
"Seq6245","TACCCTAATCGGTTCTATTC","TTTTTCCCATCTATTATTCA",10641,13342,2,0
"Seq6254","CTATTCCACTGCTAATTGCC","TAACTCCAACATCATCAACC",10655,13690,1,2
"Seq6255","CTATTCCACTGCTAATTGCC","TCTCCAAACCCCCCACCCCC",10655,16104,3,2
"Seq6274","CTTAATCCAAAACCATGTAG","ATTCTTATACCAATCTCAGG",10680,15253,1,1
"Seq6275","ATCCAAAACCATGTAGGAAC","AACTATATATTGCCGCTACC",10684,13651,1,1
"Seq6276","TCCAAAACCATGTAGGAACC","AACCCACTAACAATTAAACC",10685,13980,1,4
"Seq6282","ACCATGTAGGAACCCTAAAC","TAACTCCAACATCATCAACC",10691,13690,1,1
"Seq6283","ACCATGTAGGAACCCTAAAC","CATTAAACAACCAACAAACC",10691,13964,1,1
"Seq6293","CCTCATAATTTTATCATTCA","AATAATAACTTTATTTTAAC",10710,12565,1,0
"Seq6296","TCATAATTTTATCATTCACA","ATCCACCTCAACTCTTCACA",10712,13452,1,6
"Seq6297","CATAATTTTATCATTCACAA","CCATATTCATCCTTCTCAAC",10713,13312,1,0
"Seq6309","GACGCTTCATGATCTAACAA","AATAACTTTATTTTAACAAC",10744,12568,1,0
"Seq6322","CTTACTATGGTTGGCATGCA","ATTCCACTTATAGGCCTATT",10764,12391,1,0
"Seq6325","GTTGGCATGCATAATAGCAT","TACTTCTCAATCATCTTAAT",10773,15235,2,2
"Seq6330","ATAATAGCATTTCTTATTAA","AAAAATTTTACAAAATCATG",10783,16247,1,0
"Seq6341","TACCATTATATGGAGTTCAC","AGCACAATTTGGCCTCCACC",10805,12432,1,1
"Seq6342","TACCATTATATGGAGTTCAC","GGCCCTAGCAATCGTTCACC",10805,14733,1,1
"Seq6350","TGGAGTTCACCTATGACTAC","GGCCTCCACCCATGACTACC",10815,12442,3,1
"Seq6368","TGGGTCAATAATTCTAGCAG","GCAAACAAAGATCACCCAGC",10863,13608,1,0
"Seq6390","GCATCTCCATTATTCTAGAC","CTCCATTAACGAAAATGACC",10919,13083,1,1
"Seq6391","GCATCTCCATTATTCTAGAC","CATTAAACAACCAACAAACC",10919,13964,2,1
"Seq6406","TAACAAAATATATAGCATAC","AACTATATATTGCCGCTACC",10943,13651,1,1
"Seq6413","ATATAGCATACCCCTTCATC","AAGCAAATCCATATTCATCC",10952,13304,5,1
"Seq6414","ATATAGCATACCCCTTCATC","GCCGCTACCCCAATCCCTCC",10952,13662,1,1
"Seq6425","TTCATCCTTCTCTCCCTATG","TGTCATCTCATATAATATTC",10966,13158,1,0
"Seq6452","ACGCCAAACAGATTTAAAAT","TAATGCCAAACCCCAAAAAC",11016,16130,1,0
"Seq6459","ACAGATTTAAAATCACTAAT","ACTCCAACTTCATCATAATA",11023,13749,1,0
"Seq6460","ACAGATTTAAAATCACTAAT","CCCCATATTAAACCCGAATG",11023,14959,1,0
"Seq6465","GATTTAAAATCACTAATCGC","TACTAATTACACTAATCGCC",11026,12986,4,1
"Seq6473","ATCACTAATCGCCTACTCCT","TCCAACATAACTCCAACATC",11034,13683,1,0
"Seq6478","AATCGCCTACTCCTCAGTTA","CCCACCCCCTCCTCTTAATG",11040,16115,1,0
"Seq6495","GCCACATAGCACTTGTTATT","CCAACATCATCAACCTCATA",11060,13695,1,0
"Seq6511","TGCATCAATCATAATCCAAA","ATCCCTCCTTCCAACATAAC",11079,13674,1,0
"Seq6521","AACTCCATGAAGCTTCATAG","CAAGACATCCGAAAAATAGG",11097,12820,2,1
"Seq6524","TCCATGAAGCTTCATAGGAG","CTACCATCCTCCGTGAAACC",11100,15708,1,0
"Seq6529","ATGAAGCTTCATAGGAGCAA","AAACCTCTATAATCACCCCC",11103,13789,1,0
"Seq6539","CAACAATACTAATAATCGCA","TAGGAAACATCACAAAAATC",11120,12836,1,0
"Seq6542","AACAATACTAATAATCGCAC","GCTACAGGAAAATCAGCACA",11121,12418,3,0
"Seq6543","AACAATACTAATAATCGCAC","TTAGGATTCCTAATCGCACT",11121,13246,1,0
"Seq6544","AACAATACTAATAATCGCAC","CCCAATCCCTCCTTCCAACA",11121,13670,1,0
"Seq6545","AACAATACTAATAATCGCAC","CATCATAATAATTAAGCACA",11121,13759,1,0
"Seq6555","TACTAATAATCGCACATGGC","ACCAACCAGCATTCCAGTCC",11126,13179,1,1
"Seq6556","TACTAATAATCGCACATGGC","AAAATCTCTCAACCTAAGCC",11126,13377,1,1
"Seq6560","AATAATCGCACATGGCCTCA","AAGATCACCCAGCTACTACC",11130,13615,1,0
"Seq6564","ATAATCGCACATGGCCTCAC","AACATCATCAACCTCATACA",11131,13697,1,0
"Seq6566","AATCGCACATGGCCTCACAT","TCAAAGATATCCTAGGTATC",11133,14840,1,0
"Seq6569","ATCGCACATGGCCTCACATC","ATATCCAAACACAACCAACA",11134,13883,1,0
"Seq6571","CACATGGCCTCACATCATCA","TCTCCAAACCCCCCACCCCC",11138,16104,2,0
"Seq6576","ATGGCCTCACATCATCACTC","ACCATTCACATCATCATGCC",11141,12858,1,1
"Seq6588","CATCATCACTCCTATTCTGC","AAAATCTCTCAACCTAAGCC",11150,13377,1,1
"Seq6592","ATCACTCCTATTCTGCCTAG","CATATAATATTCCACCAACC",11154,13166,1,0
"Seq6598","CTCCTATTCTGCCTAGCAAA","CCTCAACTCTTCACACAAAC",11158,13457,1,0
"Seq6599","CTCCTATTCTGCCTAGCAAA","ATCCCTCCTTCCAACATAAC",11158,13674,11,0
"Seq6607","CTATTCTGCCTAGCAAACTC","CCTAAAACCATTAAACAACC",11161,13956,1,1
"Seq6608","TTCTGCCTAGCAAACTCCAA","ATCCCAAAATCCACCTCAAC",11164,13444,1,0
"Seq6609","TTCTGCCTAGCAAACTCCAA","CCCCAATCCCTCCTTCCAAC",11164,13669,1,0
"Seq6610","TTCTGCCTAGCAAACTCCAA","ACTGAATCCTAGTAGCCAAC",11164,15137,1,0
"Seq6612","GCAAACTCCAACTACGAACG","AACTATTAAACCTAAAAACG",11173,13925,1,4
"Seq6616","ACTCCAACTACGAACGGATC","CTCTTCACACAAACATAACC",11177,13463,1,1
"Seq6627","AACGGATCCACAGCCGTACT","TCGGATTCATTTTAGCTATA",11189,12299,1,0
"Seq6630","GGATCCACAGCCGTACTATA","TAATTAAATTGTACTTTATA",11192,13508,1,4
"Seq6631","GGATCCACAGCCGTACTATA","AGATCACCCAGCTACTACCA",11192,13616,2,1
"Seq6632","GGATCCACAGCCGTACTATA","GATTAATTACTCCAACTTCA",11192,13741,1,1
"Seq6638","CAGCCGTACTATAATCATGG","ACAACCCGCCCACCAATGCC",11199,15729,1,0
"Seq6660","TTCCCACTTATAGCCACATG","CCAACATAACTCCAACATCA",11239,13684,1,0
"Seq6661","TTCCCACTTATAGCCACATG","AATCTCCCAAACCATCAAGA",11239,13723,1,0
"Seq6669","CACATGATGACTGATAGCAA","TAATCAGTTAGATCCCCAAG",11253,13829,1,0
"Seq6671","CATGATGACTGATAGCAAGT","ACCATTTATTATCGCGGCCC",11255,14718,1,0
"Seq6689","CTAGCTCTACCCCCTTCAAT","ATCAACCTCATACATCAACC",11284,13703,1,0
"Seq6703","ATCTAATAGGAGAATTATTC","TTTTTCCCATCTATTATTCA",11306,13342,1,0
"Seq6708","GGAGAATTATTCATTACCAT","GATTAATTACTCCAACTTCA",11314,13741,1,0
"Seq6720","TCATTATTTTCTTGATCAAA","CCATATTCATCCTTCTCAAC",11335,13312,1,0
"Seq6735","TACCATTATTCTTATAGGAA","TCCAACTTCATCATAATAAT",11358,13751,1,0
"Seq6740","TTATTCTTATAGGAATTAAC","CCTCACGACTAATAATAACT",11363,12555,1,0
"Seq6768","TCAATATACATAATTATTAC","ATTATTTAAAATTATTAACC",11404,14190,1,1
"Seq6769","TCAATATACATAATTATTAC","ATTTGGTCTATTAATCTACC",11404,15693,1,1
"Seq6773","AATATACATAATTATTACCA","ATATTGCCGCTACCCCAATC",11406,13657,2,0
"Seq6776","ATATACATAATTATTACCAC","AAACCATCCCAAAATCCACC",11407,13439,2,1
"Seq6783","ACATAATTATTACCACCCAA","ATCCCAAAATCCACCTCAAC",11411,13444,1,0
"Seq6786","ATTATTACCACCCAACGCGG","ATCAACCTCATACATCAACC",11416,13703,1,0
"Seq6788","TTACCACCCAACGCGGCAAA","CCTCAACTCTTCACACAAAC",11420,13457,3,0
"Seq6789","TTACCACCCAACGCGGCAAA","TAATAATTAAGCACACAAAT",11420,13764,3,0
"Seq6790","TTACCACCCAACGCGGCAAA","AGACCCAGACAACTACATAC",11420,14916,1,0
"Seq6795","ACCCAACGCGGCAAACTAAC","AGTGACGCTAGGAATAAACC",11425,12702,2,1
"Seq6796","ACCCAACGCGGCAAACTAAC","ACATAACCACTTTAACAACC",11425,13475,2,1
"Seq6797","ACCCAACGCGGCAAACTAAC","CCTAAAACCATTAAACAACC",11425,13956,1,1
"Seq6798","ACCCAACGCGGCAAACTAAC","AATGCTAACCCAAGACAACC",11425,14028,3,1
"Seq6807","AACGCGGCAAACTAACCAAC","ATCATTCAAGTAGCACAACT",11429,13635,1,0
"Seq6808","AACGCGGCAAACTAACCAAC","ATCAACCTCATACATCAACC",11429,13703,1,1
"Seq6809","AACGCGGCAAACTAACCAAC","TAAAAACGATCCACCAAACC",11429,13937,1,1
"Seq6810","AACGCGGCAAACTAACCAAC","ATCCACCAAACCCTAAAACC",11429,13945,2,1
"Seq6811","AACGCGGCAAACTAACCAAC","GACCCAGACAACTACATACC",11429,14917,1,1
"Seq6825","TAACCAACCATATAATTAAC","AAACCATCCCAAAATCCACC",11441,13439,2,1
"Seq6826","TAACCAACCATATAATTAAC","TATATCATTCCTAATTAACA",11441,13524,1,0
"Seq6827","TAACCAACCATATAATTAAC","CTCAATACCAAATTTTAACT",11441,16085,2,0
"Seq6837","CCATATAATTAACCTCCAAC","CATTAAACAACCAACAAACC",11448,13964,1,1
"Seq6838","CCATATAATTAACCTCCAAC","TATTCTTAATTCTCATAACC",11448,14867,1,1
"Seq6839","CCATATAATTAACCTCCAAC","AAATTTTAACTCTCCAAACC",11448,16094,2,1
"Seq6845","CATATAATTAACCTCCAACC","ACTGGTCCGATTCCACCCCC",11449,12537,1,2
"Seq6846","CATATAATTAACCTCCAACC","ATTGCCGCTACCCCAATCCC",11449,13659,1,2
"Seq6847","CATATAATTAACCTCCAACC","TTACAGGTCTTTTCTTAGCC",11449,14300,1,2
"Seq6855","AATTAACCTCCAACCCTCAC","ATCCACCTCAACTCTTCACA",11454,13452,7,0
"Seq6856","AATTAACCTCCAACCCTCAC","AATTATTCATTATTTCTACA",11454,14080,1,0
"Seq6864","AACCCTCACACACACGAGAA","TCTATAATCACCCCCAATAC",11465,13794,1,0
"Seq6865","AACCCTCACACACACGAGAA","ACCCCAAAAACACTAAGAAC",11465,16139,1,0
"Seq6870","TCACACACACGAGAACTAAC","CCTGAGCCCTACTAATTACA",11470,12977,1,0
"Seq6872","CACACACACGAGAACTAACA","ACTATATATTGCCGCTACCC",11471,13652,1,0
"Seq6878","ACACACGAGAACTAACACTA","CAATGGTTCAGGTCATAAAA",11474,15531,1,1
"Seq6881","GAGAACTAACACTAATAGCC","TATACTTTGCCTCGGAGCCC",11480,12588,1,2
"Seq6882","GAGAACTAACACTAATAGCC","GCCGCTACCCCAATCCCTCC",11480,13662,2,2
"Seq6890","TAACACTAATAGCCCTTCAC","TCCGATTCCACCCCCTCACG",11486,12542,1,0
"Seq6891","TAACACTAATAGCCCTTCAC","ACACCTAGCATTCCTACACA",11486,12726,1,0
"Seq6896","CTAATAGCCCTTCACATAAT","TCCCTCCTTCCAACATAACT",11491,13675,7,1
"Seq6908","CCCTTCACATAATTCCACTT","TACACATCTGTACCCACGCA",11498,12740,5,0
"Seq6919","AATTCCACTTATTCTTCTAA","TACCCACGCATTCTTCAAAG",11508,12750,1,0
"Seq6920","AATTCCACTTATTCTTCTAA","TAATCACCCCCAATACTAAA",11508,13798,1,2
"Seq6926","ACTTATTCTTCTAACTACCA","TCTAGGAGTCTGCCTAATAG",11514,14271,1,0
"Seq6931","TATTCTTCTAACTACCAGTC","ATCTCATATAATATTCCACC",11517,13162,1,1
"Seq6937","TTCTAACTACCAGTCCAAAA","AATTCAACTACAGAAACACC",11522,14142,1,0
"Seq6938","TTCTAACTACCAGTCCAAAA","TTATCTTAAACACATTAAAC",11522,15588,1,0
"Seq6942","TAACTACCAGTCCAAAACTA","TAATATTCCACCAACCAGCA",11525,13170,1,1
"Seq6943","AACTACCAGTCCAAAACTAA","CTAAAAAACCCAAAATTAAT",11526,13813,1,0
"Seq6993","TCTGACAACAGGAAATAAAC","TGCCACAGTTATTACAAACC",11599,14589,1,1
"Seq7005","AAATAAACCTCCTTATTCAC","AAAAAACCTCTATAATCACC",11611,13786,2,1
"Seq7012","TTATTCACCAAGAAAGATTG","TCATAGCCTGGCAGACGAAC",11623,12801,1,0
"Seq7087","GTAATCAATATTTTCACAAC","TCGTATATCCAAACACAACC",11758,13879,1,1
"Seq7100","ACAACCTCAATCTTATTAAT","TATCTTATACTCAATTAATC",11773,13557,1,0
"Seq7105","ACCTCAATCTTATTAATCTT","ATCACCCAGCTACTACCATC",11776,13618,1,0
"Seq7106","CCTCAATCTTATTAATCTTC","TCCTAGGTATCCTAATCATA",11777,14849,1,0
"Seq7110","CAATCTTATTAATCTTCATT","TACAGTCATAAACTCTTCTC",11780,15649,2,0
"Seq7117","TATTAATCTTCATTCTTCTA","ACTCTTCTCTTCCATATGAC",11786,15660,4,0
"Seq7119","TTAATCTTCATTCTTCTACT","GATCTGGTTAGAAAAAACCA",11788,13425,1,0
"Seq7120","TTAATCTTCATTCTTCTACT","ACTATTAAACCTAAAAACGA",11788,13926,4,0
"Seq7123","ATCTTCATTCTTCTACTATC","AACTATATATTGCCGCTACC",11791,13651,6,1
"Seq7125","TCTTCATTCTTCTACTATCC","AACTCTCCAAACCCCCCACC",11792,16101,1,2
"Seq7134","TTCTACTATCCCCAATCCTA","TATGACTATCCCCTTCCCCA",11801,15674,3,1
"Seq7137","TCTACTATCCCCAATCCTAA","ATCCCTCCTTCCAACATAAC",11802,13674,3,0
"Seq7144","TCCCCAATCCTAATTTCAAT","TAATTAAATTGTACTTTATA",11809,13508,1,0
"Seq7145","TCCCCAATCCTAATTTCAAT","CTTCCAACATAACTCCAACA",11809,13681,1,0
"Seq7150","TCCTAATTTCAATATCAAAC","ATCCACCAAACCCTAAAACC",11816,13945,2,1
"Seq7154","CTAATTTCAATATCAAACCT","AACCAACAAACCCACTAACA",11818,13972,1,0
"Seq7156","TAATTTCAATATCAAACCTA","TCCACCAAACCCTAAAACCA",11819,13946,3,1
"Seq7162","AATATCAAACCTAATTAAAC","AGGAGACCCAGACAACTACA",11826,14913,1,0
"Seq7165","TATCAAACCTAATTAAACAC","ATCCACCTCAACTCTTCACA",11828,13452,1,0
"Seq7166","TATCAAACCTAATTAAACAC","AACATCATCAACCTCATACA",11828,13697,1,0
"Seq7167","TATCAAACCTAATTAAACAC","CAGTCGTATATCCAAACACA",11828,13876,2,0
"Seq7170","AACCTAATTAAACACATCAA","ATCCCAAAATCCACCTCAAC",11833,13444,2,0
"Seq7171","AACCTAATTAAACACATCAA","GCCGCTACCCCAATCCCTCC",11833,13662,1,0
"Seq7172","AACCTAATTAAACACATCAA","ATAACTCCAACATCATCAAC",11833,13689,4,0
"Seq7173","AACCTAATTAAACACATCAA","ACTCAATACCAAATTTTAAC",11833,16084,1,0
"Seq7174","AACCTAATTAAACACATCAA","ACCCCAAAAACACTAAGAAC",11833,16139,1,0
"Seq7180","AATTAAACACATCAACTTCC","CTCTTCACACAAACATAACC",11838,13463,1,2
"Seq7183","CACATCAACTTCCCACTGTA","CAACCAACAAACCCACTAAC",11845,13971,1,0
"Seq7188","ATCAACTTCCCACTGTACAC","ACATAACCACTTTAACAACC",11848,13475,1,1
"Seq7189","ATCAACTTCCCACTGTACAC","AGATAAAATTCCATTTCACC",11848,14808,2,1
"Seq7193","AACTTCCCACTGTACACCAC","AATCCACTAAACACCCCACC",11851,14941,2,1
"Seq7196","TTCCCACTGTACACCACCAC","AACATCATCAACCTCATACA",11854,13697,2,0
"Seq7197","TTCCCACTGTACACCACCAC","TCTTAGCCATACACTACACA",11854,14312,2,0
"Seq7201","CACTGTACACCACCACATCA","CCAACATAACTCCAACATCA",11858,13684,1,6
"Seq7206","ACCACCACATCAATCAAATT","ACCTCATACATCAACCAATC",11866,13707,2,0
"Seq7212","CATCAATCAAATTCTCCTTC","AACAAAAATATAATTATTCA",11873,14069,1,0
"Seq7213","ATCAATCAAATTCTCCTTCA","CTAATTAACATCATCTTAAT",11874,13534,2,0
"Seq7223","CTTCATTATTAGCCTCTTAC","AACTATATATTGCCGCTACC",11889,13651,1,1
"Seq7227","AGCCTCTTACCCCTATTAAT","CAAAGCAACGAAGCCTAATA",11899,15092,1,0
"Seq7237","CCTATTAATATTTTTCCACA","CAACCAACATCCCCCCTAAA",11910,13894,1,1
"Seq7259","TACAACCTGGCACTGAGTCA","ATTATTCACCGCATTACACC",11949,13354,4,0
"Seq7293","TTTTTCTCTATCCTGTTTAC","ATCCACCTCAACTCTTCACA",12010,13452,1,0
"Seq7322","ATTATACAATTCTCTTCATG","ATTACGGGTGACTAATCCGA",12058,14384,2,0
"Seq7335","ATGATATATACACTCAGACC","ACTCCAACATCATCAACCTC",12075,13692,1,1
"Seq7338","TATATACACTCAGACCCAAA","ATCAACCAATCTCCCAAACC",12079,13716,1,0
"Seq7341","ATATACACTCAGACCCAAAC","AACATCATCAACCTCATACA",12080,13697,5,0
"Seq7347","CCCAAACATCAATCGATTCA","ACCAACCAAAAAGGCTTAAT",12093,13492,1,0
"Seq7372","TCCTGATTACCATGCTTATC","CATTACACCCATAAAATCTC",12131,13365,1,2
"Seq7379","ATTACCATGCTTATCCTCAC","CCAGCATTCCAGTCCTCACA",12136,13184,2,0
"Seq7384","CATGCTTATCCTCACCTCAG","AATCCACTAAACACCCCACC",12141,14941,1,0
"Seq7387","ATGCTTATCCTCACCTCAGC","CTACCATCCTCCGTGAAACC",12142,15708,2,1
"Seq7391","ATCCTCACCTCAGCCAACAA","TCCACTAAACACCCCACCCC",12148,14943,1,0
"Seq7398","AGCCAACAACATATTTCAAC","TTCACACAAACATAACCACT",12159,13466,1,0
"Seq7408","CTTTTCATTGGCTGAGAAGG","CCTCCTATCAGCCATCCCAT",12178,14607,1,0
"Seq7416","GGGTGGGAATTATATCTTTC","TAAACCCGAATGATATTTCC",12197,14967,1,1
"Seq7437","ACGAACAGACGCAAATACTG","TGCAGATAAAATTCCATTTC",12240,14805,1,0
"Seq7455","TACAAGCAATCCTCTATAAC","TTTCCCATCTATTATTCACC",12266,13344,1,1
"Seq7456","TACAAGCAATCCTCTATAAC","ATTAAAAAAACTATTAAACC",12266,13917,1,1
"Seq7458","CAAGCAATCCTCTATAACCG","GCTAATCCACTAAACACCCC",12268,14938,1,0
"Seq7469","AGACATCGGATTCATTTTAG","CATCATTCAAGTAGCACAAC",12294,13634,1,0
"Seq7480","TAGCTATAGTTTGATTTTCC","ACCCTAGTATTATTTTTCCC",12311,14884,1,2
"Seq7484","TAGTTTGATTTTCCCTAAAC","CCCAATCCCTCCTTCCAACA",12317,13670,1,0
"Seq7488","TAAACATAAACTCATGAGAA","ATCCCTCCTTCCAACATAAC",12332,13674,2,0
"Seq7492","ACTCATGAGAACTTCAACAG","AATCTCCCAAACCATCAAGA",12341,13723,1,0
"Seq7502","GAACTTCAACAGATTATATT","ATTGCCGCTACCCCAATCCC",12349,13659,2,0
"Seq7503","GAACTTCAACAGATTATATT","AAACCATCAAGATTAATTAC",12349,13731,2,0
"Seq7512","TCAACAGATTATATTCTCCA","GACATACTAGGAGACCCAGA",12354,14905,2,1
"Seq7520","ATATTCTCCAACAACAACGA","ATCAACCTCATACATCAACC",12364,13703,1,0
"Seq7523","TCTCCAACAACAACGACAAT","CAACAAACCCACTAACAATT",12368,13975,1,1
"Seq7528","CAACAACAACGACAATCTAA","TCCAACTTCATCATAATAAT",12372,13751,1,0
"Seq7532","CAACGACAATCTAATTCCAC","TACATACCAGCTAATCCACT",12378,14929,2,0
"Seq7542","ATCTAATTCCACTTATAGGC","CACCCCCTCCTCTTAATGCC",12386,16117,1,1
"Seq7543","TAATTCCACTTATAGGCCTA","TACTTTATATCATTCCTAAT",12389,13519,1,0
"Seq7550","CTATTAATCGCAGCTACAGG","GTTATCTGACATACACCATA",12406,15631,1,0
"Seq7553","TTAATCGCAGCTACAGGAAA","CTTGATCTGGTTAGAAAAAA",12409,13422,1,3
"Seq7554","TTAATCGCAGCTACAGGAAA","TCTACCATCCTCCGTGAAAC",12409,15707,1,0
"Seq7556","TCGCAGCTACAGGAAAATCA","ACTTCATCATAATAATTAAG",12413,13755,1,0
"Seq7563","GCTACAGGAAAATCAGCACA","TAATCAGTTAGATCCCCAAG",12418,13829,1,0
"Seq7574","CAGCACAATTTGGCCTCCAC","AATCCACTAAACACCCCACC",12431,14941,1,1
"Seq7581","TGGCCTCCACCCATGACTAC","AAGATCACCCAGCTACTACC",12441,13615,1,1
"Seq7582","TGGCCTCCACCCATGACTAC","TTTCTTAGCCATACACTACA",12441,14310,1,0
"Seq7596","ACCATCAGCAATAGAAGGCC","ACCATTTATTATCGCGGCCC",12459,14718,3,2
"Seq7597","ACCATCAGCAATAGAAGGCC","TGCTTGTTAGACATAAATGC",12459,16063,1,1
"Seq7603","ATAGAAGGCCCTACACCAGT","GATGCAGATAAAATTCCATT",12469,14803,1,1
"Seq7631","TCCTACTGGTCCGATTCCAC","AACTCTCCAAACCCCCCACC",12533,16101,4,1
"Seq7650","TAATAACTTTATTTTAACAA","CATCATTCAAGTAGCACAAC",12567,13634,2,0
"Seq7661","AACAACTATACTTTGCCTCG","TGCTTATTCCTTCATGTCGG",12582,14440,1,1
"Seq7682","CGGAGCCCTAACCACATTAT","CCCAAACCATCAAGATTAAT",12600,13728,1,2
"Seq7686","AGCCCTAACCACATTATTTA","CCCCAATCCCTCCTTCCAAC",12603,13669,1,0
"Seq7688","GCCCTAACCACATTATTTAC","ACCATCATTCAAGTAGCACA",12604,13632,1,0
"Seq7701","TATTTACAGCTATTTGTGCT","ATAGGTGAAGGCTTTAATGC",12617,14013,1,0
"Seq7706","TACAGCTATTTGTGCTCTCA","CCTCCTCTTAATGCCAAACC",12621,16122,1,0
"Seq7709","ACAGCTATTTGTGCTCTCAC","AATCCACTAAACACCCCACC",12622,14941,1,1
"Seq7715","TGTGCTCTCACCCAAAACGA","TCCAACATAACTCCAACATC",12631,13683,1,0
"Seq7720","GCTCTCACCCAAAACGACAT","CTAACCCAAGACAACCAACC",12634,14032,2,0
"Seq7738","AAAATCATTGCCTTCTCTAC","AACATCATCAACCTCATACA",12658,13697,1,0
"Seq7746","CCTTCTCTACATCAAGCCAA","ATTTATTATCATTGGCCAAC",12668,15201,1,0
"Seq7751","CATCAAGCCAACTAGGCCTG","TTACTCCAACTTCATCATAA",12677,13747,1,0
"Seq7773","TAGTGACGCTAGGAATAAAC","GCACACAAATTAAAAAAACC",12701,13774,1,1
"Seq7774","TAGTGACGCTAGGAATAAAC","CCTAAAACCATTAAACAACC",12701,13956,2,1
"Seq7775","TAGTGACGCTAGGAATAAAC","AATGCTAACCCAAGACAACC",12701,14028,1,1
"Seq7776","TAGTGACGCTAGGAATAAAC","CTACCATCCTCCGTGAAACC",12701,15708,1,1
"Seq7793","ATAAACCAACCACACCTAGC","AACCAACAAACCCACTAACA",12715,13972,1,0
"Seq7805","CACACCTAGCATTCCTACAC","TCATAATAATTAAGCACACA",12725,13761,2,0
"Seq7806","CACACCTAGCATTCCTACAC","TCTTAGCCATACACTACACA",12725,14312,3,0
"Seq7845","ATACTCTTTATATGCTCTGG","TAGCCTCCATCTCATACTTC",12772,15221,1,0
"Seq7850","TTTATATGCTCTGGCTCAAT","ATTCATTATTTCTACACAGC",12778,14084,2,0
"Seq7876","GCCTGGCAGACGAACAAGAC","TTTAATGCTAACCCAAGACA",12806,14025,1,0
"Seq7884","GGCAGACGAACAAGACATCC","CACCTAATGACAAACATACG",12810,14158,1,0
"Seq7887","ACGAACAAGACATCCGAAAA","CCAAGACAACCAACCAAAAA",12815,14037,3,4
"Seq7889","GACATCCGAAAAATAGGAAA","GTTCAGGTCATAAAATAATC",12823,15536,1,0
"Seq7894","ACATCCGAAAAATAGGAAAC","GTAATTCAACTACAGAAACA",12824,14140,4,0
"Seq7934","TACCATTCACATCATCATGC","CACTCATTCATTGACCTACC",12857,14209,1,1
"Seq7935","TACCATTCACATCATCATGC","ATCCCCTTCCCCATTTGGTC",12857,15681,1,1
"Seq7937","ATTCACATCATCATGCCTAG","AAACAACCAACAAACCCACT",12861,13968,1,0
"Seq7940","ATCATGCCTAGTAATCGGAA","AGACATAAATGCTACTCAAT",12870,16071,1,0
"Seq7967","AGGAATACCATTCCTAACAG","GGATCAAACAACCCAACAGG",12903,14773,1,1
"Seq7971","ATACCATTCCTAACAGGGTT","TGCTTGTTAGACATAAATGC",12907,16063,3,0
"Seq8024","AATACCTGCAACACCAACGC","GTCCGCAAAACCCAATCACC",12958,16027,1,1
"Seq8033","GCAACACCAACGCCTGAGCC","ACCATTTATTATCGCGGCCC",12965,14718,1,2
"Seq8048","CGCCTGAGCCCTACTAATTA","AACTACATACCAGCTAATCC",12975,14926,1,0
"Seq8071","TTACACTAATCGCCACTTCT","TTATTCATGCTTGTTAGACA",12992,16056,1,0
"Seq8079","AATCGCCACTTCTATAACAG","ACATCAGATACAATAACAGC",12999,14329,1,0
"Seq8086","CTATAACAGCTATGTACAGC","GAAACACCTAATGACAAACA",13010,14154,3,0
"Seq8099","ACGAATCATTTACTTCGTAA","GTTAGACATAAATGCTACTC",13032,16068,1,0
"Seq8124","AATAACAAAACCGCGTTTTC","AAATTTTAACTCTCCAAACC",13053,16094,1,1
"Seq8137","CCGCGTTTTCCCCCCCTAAT","TCTCCAAACCCCCCACCCCC",13063,16104,1,0
"Seq8149","TAATCTCCATTAACGAAAAT","CCCACCCCCTCCTCTTAATG",13079,16115,1,0
"Seq8173","ATGACCCAGACCTCATAAAC","ACCCCACCCCATATTAAACC",13097,14953,2,1
"Seq8174","ATGACCCAGACCTCATAAAC","AATCATTAGTCCGCAAAACC",13097,16019,4,1
"Seq8180","TGACCCAGACCTCATAAACC","CTACCATCCTCCGTGAAACC",13098,15708,1,5
"Seq8190","CTCATAAACCCAATCAAACG","ATAATATTAACTATCAAACC",13108,16170,1,0
"Seq8226","TTTGCAGGATTTGTCATCTC","CACTAAGAACTTGAAAGACA",13147,16149,1,0
"Seq8265","CACCAACCAGCATTCCAGTC","AATCGTTCACCTCCTCTTCC",13178,14742,1,1
"Seq8274","CATTCCAGTCCTCACAATAC","CATAAATGCTACTCAATACC",13188,16074,2,1
"Seq8287","ATACCATGATTTTTAAAAAC","AATGCCAAACCCCAAAAACA",13204,16131,1,0
"Seq8324","GATTCCTAATCGCACTAGAA","CTACATACCAGCTAATCCAC",13250,14928,2,0
"Seq8357","TAAACAACCTAACCATAAAA","GAAAGACATATAATATTAAC",13271,16161,1,0
"Seq8378","AAAACTATCAATAAATAAAG","ATAGCCACAGCATTTATAGG",13287,14533,1,1
"Seq8428","TATTATTCACCGCATTACAC","GGGCCAACCAGTAGAACACC",13353,15180,1,1
"Seq8429","TATTATTCACCGCATTACAC","AACTCTCCAAACCCCCCACC",13353,16101,2,1
"Seq8467","CAACCTAAGCCTAAAAACAT","CAGCTAATCCACTAAACACC",13386,14936,1,0
"Seq8473","AAGCCTAAAAACATCCCTAA","ACTCAATACCAAATTTTAAC",13392,16084,1,0
"Seq8507","AAAACCATCCCAAAATCCAC","GGCCCTAGCAATCGTTCACC",13438,14733,4,1
"Seq8508","AAAACCATCCCAAAATCCAC","TTGGCCAACTAGCCTCCATC",13438,15212,1,1
"Seq8509","AAAACCATCCCAAAATCCAC","TCTCCAAACCCCCCACCCCC",13438,16104,1,1
"Seq8527","AAATCCACCTCAACTCTTCA","CGTTCACCTCCTCTTCCTCC",13450,14745,1,0
"Seq8557","CTTCACACAAACATAACCAC","TACATACCAGCTAATCCACT",13465,14929,1,0
"Seq8575","AACATAACCACTTTAACAAC","CGAAACAGGATCAAACAACC",13474,14766,1,1
"Seq8576","AACATAACCACTTTAACAAC","CTCAATACCAAATTTTAACT",13474,16085,1,0
"Seq8686","AAACAAAGATCACCCAGCTA","CCCCATTTGGTCTATTAATC",13610,15689,1,0
"Seq8717","CATTCAAGTAGCACAACTAT","GGATTAAACTCAGATGCAGA",13637,14791,1,0
"Seq8718","CATTCAAGTAGCACAACTAT","AGGAGACCCAGACAACTACA",13637,14913,2,0
"Seq8747","TATTGCCGCTACCCCAATCC","GGTCTATTAATCTACCATCC",13658,15697,1,4
"Seq8748","TATTGCCGCTACCCCAATCC","TCTCCAAACCCCCCACCCCC",13658,16104,2,2
"Seq8761","GCTACCCCAATCCCTCCTTC","GGTCTAATCAGCCCATGACC",13665,15886,1,1
"Seq8777","TCCCTCCTTCCAACATAACT","CTCCTCTTAATGCCAAACCC",13675,16123,2,0
"Seq8802","CTCCAACATCATCAACCTCA","CTAGCAATCGTTCACCTCCT",13693,14737,1,0
"Seq8855","AATCTCCCAAACCATCAAGA","AACCCCCCACCCCCTCCTCT",13723,16110,2,0
"Seq8858","TCCCAAACCATCAAGATTAA","TCCCCATTTGGTCTATTAAT",13727,15688,1,0
"Seq8890","TTCATCATAATAATTAAGCA","GTGAAACCAACAACCCGCCC",13757,15720,1,0
"Seq8915","AGCACACAAATTAAAAAAAC","AATGCCAAACCCCAAAAACA",13773,16131,2,0
"Seq8979","AGCTATAGCAGTCGTATATC","ATACCAAATTTTAACTCTCC",13868,16089,1,1
"Seq9034","AATTAAAAAAACTATTAAAC","ACCCCACCCCATATTAAACC",13916,14953,2,1
"Seq9035","AATTAAAAAAACTATTAAAC","CTACCATCCTCCGTGAAACC",13916,15708,4,1
"Seq9081","CGATCCACCAAACCCTAAAA","CCCTCTTCTCGCTCCGGGCC",13943,15748,1,0
"Seq9082","CGATCCACCAAACCCTAAAA","TTAATGCCAAACCCCAAAAA",13943,16129,1,4
"Seq9095","CAAACCCTAAAACCATTAAA","CAAATTTTAACTCTCCAAAC",13951,16093,1,0
"Seq9101","CCCTAAAACCATTAAACAAC","CTACCATCCTCCGTGAAACC",13955,15708,3,1
"Seq9112","CCATTAAACAACCAACAAAC","AAATTTTAACTCTCCAAACC",13963,16094,1,1
"Seq9135","ACTAACAATTAAACCTAAAC","TCTCCAAACCCCCCACCCCC",13985,16104,1,1
"Seq9211","TATTTCTACACAGCATTCAA","TCCTCCGTGAAACCAACAAC",14090,15714,2,0
"Seq9259","TAATTCAACTACAGAAACAC","GTCCGCAAAACCCAATCACC",14141,16027,1,1
"Seq9264","CAACTACAGAAACACCTAAT","CCCACCCCCTCCTCTTAATG",14146,16115,3,0
"Seq9276","ACCTAATGACAAACATACGA","TCTTAATGCCAAACCCCAAA",14159,16127,1,1
"Seq9282","AATGACAAACATACGAAAAA","TAATGCCAAACCCCAAAAAC",14163,16130,1,0
"Seq9305","CATTATTTAAAATTATTAAC","AAAGACATATAATATTAACT",14189,16162,1,0
"Seq9339","GATGAAACTTTGGGTCCCTT","ATCCCCTTCCCCATTTGGTC",14252,15681,1,0
"Seq9353","TAGGAGTCTGCCTAATAGTC","ATACCAAATTTTAACTCTCC",14273,16089,1,1
"Seq9537","TTCTCAGTAGACAAAGCCAC","AAACCAACAACCCGCCCACC",14665,15723,1,1
"Seq9541","AGTAGACAAAGCCACCTTGA","ACTCTCCAAACCCCCCACCC",14670,16102,1,0
"Seq9562","CGCTTTCCACTTCATCTTAC","CATAAATGCTACTCAATACC",14700,16074,1,1
"Seq9618","CTTCCTCCACGAAACAGGAT","CACCCCCTCCTCTTAATGCC",14757,16117,4,0
"Seq9724","AGACCCAGACAACTACATAC","CATAAATGCTACTCAATACC",14916,16074,5,1
"Seq9745","ATACCAGCTAATCCACTAAA","CAAATTTTAACTCTCCAAAC",14932,16093,2,0
"Seq9756","TAATCCACTAAACACCCCAC","AACTCTCCAAACCCCCCACC",14940,16101,2,1
"Seq9763","ACTAAACACCCCACCCCATA","AACCCCCCACCCCCTCCTCT",14946,16110,1,0
"Seq9838","CCTTAATCTTATCTATCCTA","AAATGCTACTCAATACCAAA",15041,16077,1,1
"Seq9904","TATTCCGCCCAATCACACAA","CTTAATGCCAAACCCCAAAA",15110,16128,1,2
